"date";"price_brl"
"2025-11-15";"2111.32"
"2025-11-15";"3415.50"
"2025-11-15";"3499.00"
"2025-11-15";"3597.67"
"2025-11-15";"3608.34"

"2025-11-16";"2111.32"
"2025-11-16";"2462.46"
"2025-11-16";"2749.51"
"2025-11-16";"2872.26"
"2025-11-16";"2945.38"
"2025-11-16";"2999.92"
"2025-11-16";"3099.90"
"2025-11-16";"3102.42"
"2025-11-16";"3196.76"
"2025-11-16";"3297.73"
"2025-11-16";"3356.62"
"2025-11-16";"3444.95"
"2025-11-16";"3473.62"
"2025-11-16";"3499.00"
"2025-11-16";"3533.28"
"2025-11-16";"3535.65"
"2025-11-16";"3608.34"
"2025-11-16";"3628.68"
"2025-11-16";"3721.73"

"2025-11-17";"2111.32"
"2025-11-17";"2472.30"
"2025-11-17";"2473.28"
"2025-11-17";"2619.53"
"2025-11-17";"2620.51"
"2025-11-17";"2749.51"
"2025-11-17";"2872.26"
"2025-11-17";"2966.76"
"2025-11-17";"2999.92"
"2025-11-17";"3045.24"
"2025-11-17";"3099.90"
"2025-11-17";"3143.43"
"2025-11-17";"3196.76"
"2025-11-17";"3401.54"
"2025-11-17";"3499.00"
"2025-11-17";"3504.75"
"2025-11-17";"3524.39"
"2025-11-17";"3608.34"
"2025-11-17";"3711.46"

"2025-11-18";"2111.32"
"2025-11-18";"2945.38"
"2025-11-18";"3045.24"
"2025-11-18";"3099.90"
"2025-11-18";"3102.42"
"2025-11-18";"3196.76"
"2025-11-18";"3238.84"
"2025-11-18";"3401.54"
"2025-11-18";"3411.59"
"2025-11-18";"3499.00"
"2025-11-18";"3504.75"
"2025-11-18";"3524.39"
"2025-11-18";"3533.28"
"2025-11-18";"3608.34"
"2025-11-18";"3721.73"

"2025-11-19";"2111.32"
"2025-11-19";"2734.97"
"2025-11-19";"2776.90"
"2025-11-19";"2863.67"
"2025-11-19";"2945.38"
"2025-11-19";"2999.90"
"2025-11-19";"3054.90"
"2025-11-19";"3102.42"
"2025-11-19";"3159.90"
"2025-11-19";"3177.65"
"2025-11-19";"3305.31"
"2025-11-19";"3356.62"
"2025-11-19";"3499.00"
"2025-11-19";"3535.65"
"2025-11-19";"3562.73"
"2025-11-19";"3608.34"
"2025-11-19";"3629.88"
"2025-11-19";"3752.75"
"2025-11-19";"3823.48"

"2025-11-20";"2111.32"
"2025-11-20";"2734.97"
"2025-11-20";"2776.90"
"2025-11-20";"2863.67"
"2025-11-20";"2945.38"
"2025-11-20";"3054.90"
"2025-11-20";"3102.42"
"2025-11-20";"3177.65"
"2025-11-20";"3305.31"
"2025-11-20";"3386.07"
"2025-11-20";"3444.95"
"2025-11-20";"3499.00"
"2025-11-20";"3503.84"
"2025-11-20";"3566.66"
"2025-11-20";"3608.34"
"2025-11-20";"3628.68"
"2025-11-20";"3690.71"

"2025-11-21";"2111.32"
"2025-11-21";"2734.97"
"2025-11-21";"2776.90"
"2025-11-21";"2863.67"
"2025-11-21";"3054.90"
"2025-11-21";"3177.65"
"2025-11-21";"3305.31"
"2025-11-21";"3474.39"
"2025-11-21";"3499.00"
"2025-11-21";"3503.84"
"2025-11-21";"3608.34"
"2025-11-21";"3659.70"
"2025-11-21";"3690.71"
"2025-11-21";"3711.46"

"2025-11-22";"1638.53"
"2025-11-22";"1790.25"
"2025-11-22";"1920.90"
"2025-11-22";"2099.90"
"2025-11-22";"2111.32"
"2025-11-22";"2157.41"
"2025-11-22";"2358.44"
"2025-11-22";"2432.90"
"2025-11-22";"2508.94"
"2025-11-22";"2705.90"
"2025-11-22";"2776.90"
"2025-11-22";"2790.46"
"2025-11-22";"2863.67"
"2025-11-22";"3076.43"
"2025-11-22";"3436.01"
"2025-11-22";"3499.00"
"2025-11-22";"3504.75"
"2025-11-22";"3524.39"
"2025-11-22";"3569.88"
"2025-11-22";"3608.34"
"2025-11-22";"3760.28"

"2025-11-23";"2092.55"
"2025-11-23";"2111.32"
"2025-11-23";"2211.35"
"2025-11-23";"2705.90"
"2025-11-23";"2790.46"
"2025-11-23";"3167.89"
"2025-11-23";"3336.85"
"2025-11-23";"3499.00"
"2025-11-23";"3608.34"

"2025-11-24";"1902.47"
"2025-11-24";"2021.27"
"2025-11-24";"2092.55"
"2025-11-24";"2111.32"
"2025-11-24";"2205.84"
"2025-11-24";"2211.35"
"2025-11-24";"2319.94"
"2025-11-24";"2343.65"
"2025-11-24";"2432.90"
"2025-11-24";"2447.25"
"2025-11-24";"2464.88"
"2025-11-24";"2508.94"
"2025-11-24";"2510.01"
"2025-11-24";"2586.25"
"2025-11-24";"2652.57"
"2025-11-24";"2705.90"
"2025-11-24";"2776.90"
"2025-11-24";"2790.46"
"2025-11-24";"2851.53"
"2025-11-24";"2863.67"
"2025-11-24";"3076.43"
"2025-11-24";"3183.54"
"2025-11-24";"3220.69"
"2025-11-24";"3306.29"
"2025-11-24";"3392.47"
"2025-11-24";"3433.95"
"2025-11-24";"3436.01"
"2025-11-24";"3499.00"
"2025-11-24";"3504.75"
"2025-11-24";"3524.39"
"2025-11-24";"3608.34"

"2025-11-25";"946.99"
"2025-11-25";"1052.21"
"2025-11-25";"1053.06"
"2025-11-25";"1061.74"
"2025-11-25";"1179.71"
"2025-11-25";"1180.56"
"2025-11-25";"1256.56"
"2025-11-25";"1393.33"
"2025-11-25";"1833.90"
"2025-11-25";"1953.55"
"2025-11-25";"2059.70"
"2025-11-25";"2099.90"
"2025-11-25";"2180.92"
"2025-11-25";"2303.67"
"2025-11-25";"2358.44"
"2025-11-25";"2411.69"
"2025-11-25";"2432.90"
"2025-11-25";"2508.94"
"2025-11-25";"2705.90"
"2025-11-25";"2790.46"
"2025-11-25";"3499.00"
"2025-11-25";"3608.34"

"2025-11-26";"1053.06"
"2025-11-26";"1119.80"
"2025-11-26";"1180.56"
"2025-11-26";"1237.90"
"2025-11-26";"1386.45"
"2025-11-26";"1387.90"
"2025-11-26";"1393.33"
"2025-11-26";"1464.34"
"2025-11-26";"1467.90"
"2025-11-26";"1473.10"
"2025-11-26";"1554.45"
"2025-11-26";"1564.28"
"2025-11-26";"1634.93"
"2025-11-26";"1648.64"
"2025-11-26";"1651.60"
"2025-11-26";"1665.90"
"2025-11-26";"1666.85"
"2025-11-26";"1741.96"
"2025-11-26";"1830.34"
"2025-11-26";"1833.90"
"2025-11-26";"1871.02"
"2025-11-26";"1985.51"
"2025-11-26";"2059.70"
"2025-11-26";"2092.55"
"2025-11-26";"2099.90"
"2025-11-26";"2111.32"
"2025-11-26";"2200.57"
"2025-11-26";"2212.93"
"2025-11-26";"2358.44"
"2025-11-26";"2432.90"
"2025-11-26";"2470.61"
"2025-11-26";"2508.94"
"2025-11-26";"2549.91"
"2025-11-26";"2550.76"
"2025-11-26";"2593.36"
"2025-11-26";"2685.91"
"2025-11-26";"2686.76"
"2025-11-26";"2701.38"
"2025-11-26";"2705.90"
"2025-11-26";"2776.90"
"2025-11-26";"2790.46"
"2025-11-26";"2863.67"
"2025-11-26";"3034.40"
"2025-11-26";"3196.24"
"2025-11-26";"3499.00"
"2025-11-26";"3608.34"

"2025-11-27";"1053.06"
"2025-11-27";"1180.56"
"2025-11-27";"1377.76"
"2025-11-27";"1393.33"
"2025-11-27";"1464.34"
"2025-11-27";"1467.90"
"2025-11-27";"1505.26"
"2025-11-27";"1634.93"
"2025-11-27";"1648.64"
"2025-11-27";"1741.96"
"2025-11-27";"1803.61"
"2025-11-27";"1830.34"
"2025-11-27";"1833.90"
"2025-11-27";"2059.70"
"2025-11-27";"2111.32"
"2025-11-27";"2550.76"
"2025-11-27";"2686.76"
"2025-11-27";"2932.41"
"2025-11-27";"3034.40"
"2025-11-27";"3076.43"
"2025-11-27";"3085.40"
"2025-11-27";"3088.81"
"2025-11-27";"3196.24"
"2025-11-27";"3249.96"
"2025-11-27";"3436.01"
"2025-11-27";"3499.00"
"2025-11-27";"3504.75"
"2025-11-27";"3524.39"
"2025-11-27";"3608.34"

"2025-11-28";"1404.11"
"2025-11-28";"1464.34"
"2025-11-28";"1467.90"
"2025-11-28";"1518.86"
"2025-11-28";"1634.93"
"2025-11-28";"1648.64"
"2025-11-28";"1741.96"
"2025-11-28";"1830.34"
"2025-11-28";"1833.90"
"2025-11-28";"1837.61"
"2025-11-28";"1837.80"
"2025-11-28";"1952.36"
"2025-11-28";"2020.36"
"2025-11-28";"2021.21"
"2025-11-28";"2059.70"
"2025-11-28";"2111.32"
"2025-11-28";"2130.64"
"2025-11-28";"2135.11"
"2025-11-28";"2135.96"
"2025-11-28";"2263.75"
"2025-11-28";"2550.76"
"2025-11-28";"2686.76"
"2025-11-28";"2957.90"
"2025-11-28";"2983.40"
"2025-11-28";"3034.40"
"2025-11-28";"3115.66"
"2025-11-28";"3142.52"
"2025-11-28";"3196.24"
"2025-11-28";"3499.00"
"2025-11-28";"3608.34"

"2025-11-29";"1131.09"
"2025-11-29";"1261.77"
"2025-11-29";"1368.80"
"2025-11-29";"1415.90"
"2025-11-29";"1457.18"
"2025-11-29";"1590.23"
"2025-11-29";"1833.90"
"2025-11-29";"2059.70"
"2025-11-29";"2099.90"
"2025-11-29";"2111.32"
"2025-11-29";"2358.44"
"2025-11-29";"2422.42"
"2025-11-29";"2432.90"
"2025-11-29";"2508.94"
"2025-11-29";"2551.62"
"2025-11-29";"2705.90"
"2025-11-29";"2790.46"
"2025-11-29";"2830.41"
"2025-11-29";"2981.37"
"2025-11-29";"2983.40"
"2025-11-29";"3142.52"
"2025-11-29";"3499.00"
"2025-11-29";"3608.34"
"2025-11-29";"3659.88"
"2025-11-29";"3855.08"

"2025-11-30";"1833.90"
"2025-11-30";"2020.36"
"2025-11-30";"2059.70"
"2025-11-30";"2099.90"
"2025-11-30";"2111.32"
"2025-11-30";"2135.11"
"2025-11-30";"2358.44"
"2025-11-30";"2424.44"
"2025-11-30";"2432.90"
"2025-11-30";"2508.94"
"2025-11-30";"2562.14"
"2025-11-30";"2705.90"
"2025-11-30";"2790.46"
"2025-11-30";"3034.40"
"2025-11-30";"3059.90"
"2025-11-30";"3076.43"
"2025-11-30";"3196.24"
"2025-11-30";"3223.10"
"2025-11-30";"3436.01"
"2025-11-30";"3499.00"
"2025-11-30";"3504.75"
"2025-11-30";"3524.39"
"2025-11-30";"3608.34"

"2025-12-01";"914.66"
"2025-12-01";"966.88"
"2025-12-01";"1020.60"
"2025-12-01";"1063.27"
"2025-12-01";"1070.16"
"2025-12-01";"1074.31"
"2025-12-01";"1122.35"
"2025-12-01";"1129.62"
"2025-12-01";"1131.09"
"2025-12-01";"1166.55"
"2025-12-01";"1182.26"
"2025-12-01";"1189.06"
"2025-12-01";"1231.36"
"2025-12-01";"1261.77"
"2025-12-01";"1285.90"
"2025-12-01";"1297.01"
"2025-12-01";"1368.80"
"2025-12-01";"1415.90"
"2025-12-01";"1427.52"
"2025-12-01";"1444.22"
"2025-12-01";"1454.49"
"2025-12-01";"1457.18"
"2025-12-01";"1495.90"
"2025-12-01";"1543.51"
"2025-12-01";"1544.36"
"2025-12-01";"1564.28"
"2025-12-01";"1590.23"
"2025-12-01";"1624.13"
"2025-12-01";"1658.26"
"2025-12-01";"1659.11"
"2025-12-01";"1731.17"
"2025-12-01";"1819.55"
"2025-12-01";"1833.90"
"2025-12-01";"1837.61"
"2025-12-01";"1952.36"
"2025-12-01";"2008.75"
"2025-12-01";"2021.21"
"2025-12-01";"2059.70"
"2025-12-01";"2099.90"
"2025-12-01";"2111.32"
"2025-12-01";"2135.96"
"2025-12-01";"2358.44"
"2025-12-01";"2432.90"
"2025-12-01";"2508.94"
"2025-12-01";"2776.90"
"2025-12-01";"2863.67"
"2025-12-01";"3499.00"
"2025-12-01";"3608.34"

"2025-12-02";"804.86"
"2025-12-02";"805.71"
"2025-12-02";"846.28"
"2025-12-02";"932.36"
"2025-12-02";"933.21"
"2025-12-02";"957.79"
"2025-12-02";"1085.61"
"2025-12-02";"1109.51"
"2025-12-02";"1285.90"
"2025-12-02";"1290.75"
"2025-12-02";"1415.90"
"2025-12-02";"1444.22"
"2025-12-02";"1454.49"
"2025-12-02";"1590.23"
"2025-12-02";"1624.13"
"2025-12-02";"1731.17"
"2025-12-02";"1777.90"
"2025-12-02";"1819.55"
"2025-12-02";"1833.90"
"2025-12-02";"1985.51"
"2025-12-02";"2059.70"
"2025-12-02";"2092.55"
"2025-12-02";"2099.90"
"2025-12-02";"2200.57"
"2025-12-02";"2358.44"
"2025-12-02";"3499.00"
"2025-12-02";"3608.34"

"2025-12-03";"805.71"
"2025-12-03";"846.28"
"2025-12-03";"852.21"
"2025-12-03";"933.21"
"2025-12-03";"983.04"
"2025-12-03";"987.21"
"2025-12-03";"1053.06"
"2025-12-03";"1079.47"
"2025-12-03";"1085.61"
"2025-12-03";"1117.34"
"2025-12-03";"1157.61"
"2025-12-03";"1180.56"
"2025-12-03";"1222.37"
"2025-12-03";"1250.47"
"2025-12-03";"1256.56"
"2025-12-03";"1285.11"
"2025-12-03";"1285.90"
"2025-12-03";"1294.34"
"2025-12-03";"1393.33"
"2025-12-03";"1415.90"
"2025-12-03";"1444.22"
"2025-12-03";"1454.49"
"2025-12-03";"1530.09"
"2025-12-03";"1555.92"
"2025-12-03";"1590.23"
"2025-12-03";"1624.13"
"2025-12-03";"1699.99"
"2025-12-03";"1731.17"
"2025-12-03";"1819.55"
"2025-12-03";"1833.90"
"2025-12-03";"2042.94"
"2025-12-03";"2059.70"
"2025-12-03";"2111.32"
"2025-12-03";"2432.90"
"2025-12-03";"2508.94"
"2025-12-03";"2881.41"
"2025-12-03";"2906.91"
"2025-12-03";"3035.09"
"2025-12-03";"3061.95"
"2025-12-03";"3499.00"
"2025-12-03";"3608.34"

"2025-12-04";"805.71"
"2025-12-04";"846.28"
"2025-12-04";"933.21"
"2025-12-04";"1285.90"
"2025-12-04";"1377.76"
"2025-12-04";"1394.07"
"2025-12-04";"1415.90"
"2025-12-04";"1444.22"
"2025-12-04";"1454.49"
"2025-12-04";"1505.26"
"2025-12-04";"1529.47"
"2025-12-04";"1590.23"
"2025-12-04";"1624.13"
"2025-12-04";"1638.53"
"2025-12-04";"1731.17"
"2025-12-04";"1790.25"
"2025-12-04";"1803.61"
"2025-12-04";"1819.55"
"2025-12-04";"1821.35"
"2025-12-04";"1837.80"
"2025-12-04";"1956.75"
"2025-12-04";"2111.32"
"2025-12-04";"2212.93"
"2025-12-04";"2432.90"
"2025-12-04";"2470.61"
"2025-12-04";"2508.94"
"2025-12-04";"2550.76"
"2025-12-04";"2593.36"
"2025-12-04";"2686.76"
"2025-12-04";"2701.38"
"2025-12-04";"3034.40"
"2025-12-04";"3196.24"
"2025-12-04";"3499.00"
"2025-12-04";"3608.34"

"2025-12-05";"914.66"
"2025-12-05";"1063.27"
"2025-12-05";"1075.16"
"2025-12-05";"1122.35"
"2025-12-05";"1166.55"
"2025-12-05";"1182.26"
"2025-12-05";"1189.91"
"2025-12-05";"1231.36"
"2025-12-05";"1278.43"
"2025-12-05";"1297.01"
"2025-12-05";"1389.16"
"2025-12-05";"1405.88"
"2025-12-05";"1414.99"
"2025-12-05";"1415.90"
"2025-12-05";"1427.52"
"2025-12-05";"1454.49"
"2025-12-05";"1492.44"
"2025-12-05";"1542.44"
"2025-12-05";"1564.28"
"2025-12-05";"1590.23"
"2025-12-05";"1624.13"
"2025-12-05";"1701.04"
"2025-12-05";"1731.17"
"2025-12-05";"1819.55"
"2025-12-05";"1833.90"
"2025-12-05";"2059.70"
"2025-12-05";"2099.90"
"2025-12-05";"2358.44"
"2025-12-05";"2432.90"
"2025-12-05";"2508.94"
"2025-12-05";"3499.00"
"2025-12-05";"3608.34"

"2025-12-06";"602.56"
"2025-12-06";"675.33"
"2025-12-06";"707.90"
"2025-12-06";"710.02"
"2025-12-06";"730.06"
"2025-12-06";"846.28"
"2025-12-06";"857.90"
"2025-12-06";"860.47"
"2025-12-06";"954.90"
"2025-12-06";"983.04"
"2025-12-06";"984.73"
"2025-12-06";"1050.90"
"2025-12-06";"1180.31"
"2025-12-06";"1241.61"
"2025-12-06";"1315.90"
"2025-12-06";"1364.98"
"2025-12-06";"1392.06"
"2025-12-06";"1477.92"
"2025-12-06";"1515.43"
"2025-12-06";"1632.66"
"2025-12-06";"1777.90"
"2025-12-06";"1803.61"
"2025-12-06";"1833.90"
"2025-12-06";"1985.51"
"2025-12-06";"2059.70"
"2025-12-06";"2092.55"
"2025-12-06";"2099.90"
"2025-12-06";"2111.32"
"2025-12-06";"2200.57"
"2025-12-06";"2358.44"
"2025-12-06";"2550.76"
"2025-12-06";"2686.76"
"2025-12-06";"2749.51"
"2025-12-06";"2872.26"
"2025-12-06";"2999.92"
"2025-12-06";"3499.00"
"2025-12-06";"3608.34"

"2025-12-07";"675.33"
"2025-12-07";"1311.99"
"2025-12-07";"1315.90"
"2025-12-07";"1389.16"
"2025-12-07";"1409.53"
"2025-12-07";"1415.90"
"2025-12-07";"1477.92"
"2025-12-07";"1492.44"
"2025-12-07";"1590.23"
"2025-12-07";"1717.31"
"2025-12-07";"1814.85"
"2025-12-07";"1833.90"
"2025-12-07";"1836.78"
"2025-12-07";"1837.80"
"2025-12-07";"1973.33"
"2025-12-07";"2021.21"
"2025-12-07";"2059.70"
"2025-12-07";"2099.90"
"2025-12-07";"2111.32"
"2025-12-07";"2135.96"
"2025-12-07";"2358.44"
"2025-12-07";"2404.23"
"2025-12-07";"2432.90"
"2025-12-07";"2508.94"
"2025-12-07";"2540.79"
"2025-12-07";"2705.90"
"2025-12-07";"2790.46"
"2025-12-07";"3183.54"
"2025-12-07";"3306.29"
"2025-12-07";"3433.95"
"2025-12-07";"3499.00"
"2025-12-07";"3608.34"

"2025-12-08";"675.33"
"2025-12-08";"750.61"
"2025-12-08";"848.15"
"2025-12-08";"883.91"
"2025-12-08";"954.90"
"2025-12-08";"955.77"
"2025-12-08";"984.73"
"2025-12-08";"998.66"
"2025-12-08";"1017.23"
"2025-12-08";"1050.90"
"2025-12-08";"1092.32"
"2025-12-08";"1180.31"
"2025-12-08";"1182.26"
"2025-12-08";"1188.18"
"2025-12-08";"1229.59"
"2025-12-08";"1278.43"
"2025-12-08";"1290.75"
"2025-12-08";"1297.01"
"2025-12-08";"1315.90"
"2025-12-08";"1371.75"
"2025-12-08";"1404.11"
"2025-12-08";"1405.88"
"2025-12-08";"1414.99"
"2025-12-08";"1415.90"
"2025-12-08";"1477.92"
"2025-12-08";"1478.79"
"2025-12-08";"1518.86"
"2025-12-08";"1542.44"
"2025-12-08";"1564.28"
"2025-12-08";"1567.17"
"2025-12-08";"1590.23"
"2025-12-08";"1701.04"
"2025-12-08";"1833.90"
"2025-12-08";"1836.78"
"2025-12-08";"1837.80"
"2025-12-08";"1953.55"
"2025-12-08";"1973.33"
"2025-12-08";"2059.70"
"2025-12-08";"2099.90"
"2025-12-08";"2111.32"
"2025-12-08";"2180.92"
"2025-12-08";"2303.67"
"2025-12-08";"2358.44"
"2025-12-08";"2411.69"
"2025-12-08";"2550.76"
"2025-12-08";"2686.76"
"2025-12-08";"3499.00"
"2025-12-08";"3608.34"

"2025-12-09";"602.56"
"2025-12-09";"661.89"
"2025-12-09";"675.33"
"2025-12-09";"691.98"
"2025-12-09";"710.02"
"2025-12-09";"730.06"
"2025-12-09";"802.14"
"2025-12-09";"838.60"
"2025-12-09";"846.28"
"2025-12-09";"860.47"
"2025-12-09";"914.66"
"2025-12-09";"948.85"
"2025-12-09";"954.90"
"2025-12-09";"981.70"
"2025-12-09";"983.04"
"2025-12-09";"984.73"
"2025-12-09";"1050.90"
"2025-12-09";"1095.81"
"2025-12-09";"1180.31"
"2025-12-09";"1193.03"
"2025-12-09";"1229.59"
"2025-12-09";"1281.41"
"2025-12-09";"1315.90"
"2025-12-09";"1364.98"
"2025-12-09";"1371.75"
"2025-12-09";"1477.92"
"2025-12-09";"1478.79"
"2025-12-09";"1515.43"
"2025-12-09";"1567.17"
"2025-12-09";"1803.61"
"2025-12-09";"3499.00"
"2025-12-09";"3608.34"

"2025-12-10";"602.56"
"2025-12-10";"675.33"
"2025-12-10";"707.90"
"2025-12-10";"730.06"
"2025-12-10";"835.32"
"2025-12-10";"846.28"
"2025-12-10";"857.90"
"2025-12-10";"954.90"
"2025-12-10";"981.70"
"2025-12-10";"983.04"
"2025-12-10";"984.73"
"2025-12-10";"1012.32"
"2025-12-10";"1050.90"
"2025-12-10";"1095.81"
"2025-12-10";"1096.62"
"2025-12-10";"1180.31"
"2025-12-10";"1193.03"
"2025-12-10";"1223.47"
"2025-12-10";"1281.41"
"2025-12-10";"1315.90"
"2025-12-10";"1330.51"
"2025-12-10";"1364.98"
"2025-12-10";"1415.90"
"2025-12-10";"1418.89"
"2025-12-10";"1477.92"
"2025-12-10";"1515.43"
"2025-12-10";"1590.23"
"2025-12-10";"1803.61"
"2025-12-10";"1833.90"
"2025-12-10";"2059.70"
"2025-12-10";"2111.32"
"2025-12-10";"3008.90"
"2025-12-10";"3169.38"
"2025-12-10";"3499.00"
"2025-12-10";"3608.34"

"2025-12-11";"602.56"
"2025-12-11";"675.33"
"2025-12-11";"730.06"
"2025-12-11";"846.28"
"2025-12-11";"954.90"
"2025-12-11";"981.70"
"2025-12-11";"984.73"
"2025-12-11";"1042.01"
"2025-12-11";"1050.90"
"2025-12-11";"1095.81"
"2025-12-11";"1177.42"
"2025-12-11";"1180.31"
"2025-12-11";"1193.03"
"2025-12-11";"1281.41"
"2025-12-11";"1315.90"
"2025-12-11";"1364.98"
"2025-12-11";"1393.33"
"2025-12-11";"1477.92"
"2025-12-11";"1515.43"
"2025-12-11";"1624.76"
"2025-12-11";"1775.21"
"2025-12-11";"1803.61"
"2025-12-11";"1821.35"
"2025-12-11";"1833.90"
"2025-12-11";"1956.75"
"2025-12-11";"2059.70"
"2025-12-11";"2099.90"
"2025-12-11";"2111.32"
"2025-12-11";"2358.44"
"2025-12-11";"2432.90"
"2025-12-11";"2462.46"
"2025-12-11";"2508.94"
"2025-12-11";"2550.76"
"2025-12-11";"2686.76"
"2025-12-11";"2705.90"
"2025-12-11";"2749.51"
"2025-12-11";"2790.46"
"2025-12-11";"2872.26"
"2025-12-11";"2999.92"
"2025-12-11";"3008.90"
"2025-12-11";"3169.38"
"2025-12-11";"3499.00"
"2025-12-11";"3608.34"

"2025-12-12";"804.01"
"2025-12-12";"883.91"
"2025-12-12";"918.76"
"2025-12-12";"963.80"
"2025-12-12";"998.66"
"2025-12-12";"1042.01"
"2025-12-12";"1101.50"
"2025-12-12";"1177.42"
"2025-12-12";"1544.36"
"2025-12-12";"1598.47"
"2025-12-12";"1659.11"
"2025-12-12";"1735.23"
"2025-12-12";"1852.22"
"2025-12-12";"1906.18"
"2025-12-12";"1989.92"
"2025-12-12";"1999.52"
"2025-12-12";"2042.94"
"2025-12-12";"2111.32"
"2025-12-12";"2232.96"
"2025-12-12";"2355.71"
"2025-12-12";"2384.03"
"2025-12-12";"2432.90"
"2025-12-12";"2463.73"
"2025-12-12";"2519.43"
"2025-12-12";"2705.90"
"2025-12-12";"2749.51"
"2025-12-12";"2776.90"
"2025-12-12";"2872.26"
"2025-12-12";"2999.92"
"2025-12-12";"3499.00"

"2025-12-13";"588.11"
"2025-12-13";"619.11"
"2025-12-13";"624.44"
"2025-12-13";"635.12"
"2025-12-13";"640.46"
"2025-12-13";"715.61"
"2025-12-13";"734.64"
"2025-12-13";"767.01"
"2025-12-13";"773.62"
"2025-12-13";"786.84"
"2025-12-13";"793.46"
"2025-12-13";"838.90"
"2025-12-13";"910.14"
"2025-12-13";"933.90"
"2025-12-13";"948.12"
"2025-12-13";"963.08"
"2025-12-13";"1188.18"
"2025-12-13";"1229.59"
"2025-12-13";"1256.56"
"2025-12-13";"1290.75"
"2025-12-13";"1315.90"
"2025-12-13";"1371.75"
"2025-12-13";"1477.92"
"2025-12-13";"1478.79"
"2025-12-13";"1567.17"
"2025-12-13";"1633.08"
"2025-12-13";"1813.08"
"2025-12-13";"1833.90"
"2025-12-13";"2059.70"
"2025-12-13";"2099.90"
"2025-12-13";"2111.32"
"2025-12-13";"2358.44"
"2025-12-13";"2432.90"
"2025-12-13";"2508.94"
"2025-12-13";"2705.90"
"2025-12-13";"2790.46"
"2025-12-13";"3499.00"
"2025-12-13";"3608.34"

"2025-12-14";"783.61"
"2025-12-14";"861.98"
"2025-12-14";"883.91"
"2025-12-14";"898.36"
"2025-12-14";"988.20"
"2025-12-14";"998.66"
"2025-12-14";"1042.01"
"2025-12-14";"1177.42"
"2025-12-14";"1315.90"
"2025-12-14";"1564.28"
"2025-12-14";"1701.04"
"2025-12-14";"1735.23"
"2025-12-14";"2042.94"
"2025-12-14";"2099.90"
"2025-12-14";"2432.90"
"2025-12-14";"2705.90"
"2025-12-14";"2776.90"
"2025-12-14";"3436.01"
"2025-12-14";"3499.00"
"2025-12-14";"3504.75"
"2025-12-14";"3524.39"

"2025-12-15";"590.39"
"2025-12-15";"695.62"
"2025-12-15";"701.52"
"2025-12-15";"722.39"
"2025-12-15";"812.15"
"2025-12-15";"838.90"
"2025-12-15";"851.38"
"2025-12-15";"858.60"
"2025-12-15";"930.95"
"2025-12-15";"965.41"
"2025-12-15";"1025.90"
"2025-12-15";"1071.99"
"2025-12-15";"1106.78"
"2025-12-15";"1153.99"
"2025-12-15";"1196.95"
"2025-12-15";"1294.17"
"2025-12-15";"1339.58"
"2025-12-15";"1359.14"
"2025-12-15";"1382.55"
"2025-12-15";"1445.90"
"2025-12-15";"1495.48"
"2025-12-15";"1564.28"
"2025-12-15";"1602.52"
"2025-12-15";"1690.90"
"2025-12-15";"1837.80"
"2025-12-15";"2015.90"
"2025-12-15";"2307.90"
"2025-12-15";"3499.00"

"2025-12-16";"553.43"
"2025-12-16";"607.81"
"2025-12-16";"618.86"
"2025-12-16";"629.91"
"2025-12-16";"685.43"
"2025-12-16";"753.01"
"2025-12-16";"766.70"
"2025-12-16";"780.39"
"2025-12-16";"838.90"
"2025-12-16";"948.12"
"2025-12-16";"1025.90"
"2025-12-16";"1085.61"
"2025-12-16";"1152.23"
"2025-12-16";"1188.18"
"2025-12-16";"1222.37"
"2025-12-16";"1237.90"
"2025-12-16";"1339.58"
"2025-12-16";"1387.90"
"2025-12-16";"1445.90"
"2025-12-16";"1522.90"
"2025-12-16";"1555.90"
"2025-12-16";"1623.93"
"2025-12-16";"1631.90"
"2025-12-16";"1721.90"
"2025-12-16";"1747.46"
"2025-12-16";"2015.90"
"2025-12-16";"2077.13"
"2025-12-16";"2264.12"
"2025-12-16";"2307.90"
"2025-12-16";"2380.01"
"2025-12-16";"3499.00"
"2025-12-16";"3608.34"

"2025-12-17";"552.72"
"2025-12-17";"553.43"
"2025-12-17";"608.87"
"2025-12-17";"663.06"
"2025-12-17";"672.72"
"2025-12-17";"685.43"
"2025-12-17";"740.87"
"2025-12-17";"787.63"
"2025-12-17";"815.26"
"2025-12-17";"821.46"
"2025-12-17";"914.66"
"2025-12-17";"954.90"
"2025-12-17";"958.63"
"2025-12-17";"984.73"
"2025-12-17";"992.26"
"2025-12-17";"1025.90"
"2025-12-17";"1071.99"
"2025-12-17";"1085.61"
"2025-12-17";"1152.23"
"2025-12-17";"1188.18"
"2025-12-17";"1218.90"
"2025-12-17";"1290.75"
"2025-12-17";"1317.90"
"2025-12-17";"1324.94"
"2025-12-17";"1393.33"
"2025-12-17";"1407.90"
"2025-12-17";"1445.90"
"2025-12-17";"1623.93"
"2025-12-17";"1978.18"
"2025-12-17";"2015.90"
"2025-12-17";"2249.90"
"2025-12-17";"2264.12"
"2025-12-17";"2358.90"
"2025-12-17";"2468.90"
"2025-12-17";"2674.90"
"2025-12-17";"2758.48"
"2025-12-17";"3499.00"
"2025-12-17";"3608.34"

"2025-12-18";"695.62"
"2025-12-18";"812.15"
"2025-12-18";"851.38"
"2025-12-18";"915.11"
"2025-12-18";"930.95"
"2025-12-18";"954.90"
"2025-12-18";"957.30"
"2025-12-18";"984.73"
"2025-12-18";"1033.91"
"2025-12-18";"1097.48"
"2025-12-18";"1359.14"
"2025-12-18";"1445.90"
"2025-12-18";"1555.90"
"2025-12-18";"1564.28"
"2025-12-18";"1623.93"
"2025-12-18";"1735.23"
"2025-12-18";"1747.46"
"2025-12-18";"1803.61"
"2025-12-18";"1978.18"
"2025-12-18";"2015.90"
"2025-12-18";"2111.32"
"2025-12-18";"2160.90"
"2025-12-18";"2249.90"
"2025-12-18";"2264.12"
"2025-12-18";"2295.90"
"2025-12-18";"2307.90"
"2025-12-18";"2358.90"
"2025-12-18";"2380.01"
"2025-12-18";"2468.90"
"2025-12-18";"2974.90"
"2025-12-18";"3067.86"
"2025-12-18";"3115.09"
"2025-12-18";"3194.90"
"2025-12-18";"3281.24"
"2025-12-18";"3319.90"
"2025-12-18";"3449.90"
"2025-12-18";"3499.00"
"2025-12-18";"3569.00"
"2025-12-18";"3589.00"
"2025-12-18";"3608.34"

"2025-12-19";"685.68"
"2025-12-19";"774.78"
"2025-12-19";"915.11"
"2025-12-19";"965.41"
"2025-12-19";"1033.91"
"2025-12-19";"1106.78"
"2025-12-19";"1113.11"
"2025-12-19";"1198.50"
"2025-12-19";"1223.99"
"2025-12-19";"1231.91"
"2025-12-19";"1287.60"
"2025-12-19";"1323.56"
"2025-12-19";"1324.94"
"2025-12-19";"1342.79"
"2025-12-19";"1406.58"
"2025-12-19";"1464.93"
"2025-12-19";"1543.20"
"2025-12-19";"1735.23"
"2025-12-19";"1837.80"
"2025-12-19";"2015.90"
"2025-12-19";"2111.32"
"2025-12-19";"2264.12"
"2025-12-19";"2307.90"
"2025-12-19";"2380.01"
"2025-12-19";"2674.90"
"2025-12-19";"2758.48"
"2025-12-19";"2974.90"
"2025-12-19";"3052.90"
"2025-12-19";"3067.86"
"2025-12-19";"3148.29"
"2025-12-19";"3194.90"
"2025-12-19";"3319.90"
"2025-12-19";"3449.90"
"2025-12-19";"3499.00"
"2025-12-19";"3608.34"

"2025-12-20";"838.90"
"2025-12-20";"924.85"
"2025-12-20";"948.12"
"2025-12-20";"1042.23"
"2025-12-20";"1060.29"
"2025-12-20";"1113.11"
"2025-12-20";"1177.66"
"2025-12-20";"1231.91"
"2025-12-20";"1394.35"
"2025-12-20";"1445.90"
"2025-12-20";"1529.78"
"2025-12-20";"1555.90"
"2025-12-20";"1623.93"
"2025-12-20";"1747.46"
"2025-12-20";"1769.42"
"2025-12-20";"1974.56"
"2025-12-20";"2015.90"
"2025-12-20";"2111.32"
"2025-12-20";"2160.90"
"2025-12-20";"2264.12"
"2025-12-20";"2295.90"
"2025-12-20";"2307.90"
"2025-12-20";"2380.01"
"2025-12-20";"2463.43"
"2025-12-20";"2617.33"
"2025-12-20";"2674.90"
"2025-12-20";"2758.48"
"2025-12-20";"2974.90"
"2025-12-20";"3067.86"
"2025-12-20";"3499.00"
"2025-12-20";"3608.34"

"2025-12-21";"915.11"
"2025-12-21";"973.53"
"2025-12-21";"1033.91"
"2025-12-21";"1071.99"
"2025-12-21";"1087.94"
"2025-12-21";"1116.09"
"2025-12-21";"1218.90"
"2025-12-21";"1229.31"
"2025-12-21";"1317.90"
"2025-12-21";"1407.90"
"2025-12-21";"1445.90"
"2025-12-21";"1455.50"
"2025-12-21";"1522.90"
"2025-12-21";"1555.90"
"2025-12-21";"1596.87"
"2025-12-21";"1623.93"
"2025-12-21";"1631.90"
"2025-12-21";"1721.90"
"2025-12-21";"1735.23"
"2025-12-21";"1747.46"
"2025-12-21";"1837.80"
"2025-12-21";"1978.18"
"2025-12-21";"2015.90"
"2025-12-21";"2042.94"
"2025-12-21";"2111.32"
"2025-12-21";"2249.90"
"2025-12-21";"2264.12"
"2025-12-21";"2307.90"
"2025-12-21";"2358.90"
"2025-12-21";"2380.01"
"2025-12-21";"2468.90"
"2025-12-21";"2510.01"
"2025-12-21";"2652.57"
"2025-12-21";"2674.90"
"2025-12-21";"2758.48"
"2025-12-21";"2974.90"
"2025-12-21";"3067.86"
"2025-12-21";"3499.00"
"2025-12-21";"3608.34"

"2025-12-22";"812.15"
"2025-12-22";"915.11"
"2025-12-22";"930.95"
"2025-12-22";"954.90"
"2025-12-22";"957.30"
"2025-12-22";"965.41"
"2025-12-22";"973.53"
"2025-12-22";"984.73"
"2025-12-22";"1025.90"
"2025-12-22";"1033.91"
"2025-12-22";"1071.99"
"2025-12-22";"1097.48"
"2025-12-22";"1106.78"
"2025-12-22";"1116.09"
"2025-12-22";"1152.23"
"2025-12-22";"1218.90"
"2025-12-22";"1317.90"
"2025-12-22";"1339.58"
"2025-12-22";"1407.90"
"2025-12-22";"1445.90"
"2025-12-22";"1522.90"
"2025-12-22";"1564.28"
"2025-12-22";"1623.93"
"2025-12-22";"1631.90"
"2025-12-22";"1721.90"
"2025-12-22";"1735.23"
"2025-12-22";"1803.61"
"2025-12-22";"1837.80"
"2025-12-22";"1853.67"
"2025-12-22";"1991.48"
"2025-12-22";"2015.90"
"2025-12-22";"2111.32"
"2025-12-22";"2264.12"
"2025-12-22";"2307.90"
"2025-12-22";"2380.01"
"2025-12-22";"2510.01"
"2025-12-22";"2652.57"
"2025-12-22";"2674.90"
"2025-12-22";"2758.48"
"2025-12-22";"3052.90"
"2025-12-22";"3062.29"
"2025-12-22";"3148.29"
"2025-12-22";"3225.62"
"2025-12-22";"3499.00"
"2025-12-22";"3608.34"

"2025-12-23";"812.15"
"2025-12-23";"915.11"
"2025-12-23";"930.95"
"2025-12-23";"957.30"
"2025-12-23";"1025.90"
"2025-12-23";"1033.91"
"2025-12-23";"1042.23"
"2025-12-23";"1071.99"
"2025-12-23";"1078.79"
"2025-12-23";"1097.48"
"2025-12-23";"1152.23"
"2025-12-23";"1177.66"
"2025-12-23";"1218.90"
"2025-12-23";"1218.98"
"2025-12-23";"1317.90"
"2025-12-23";"1407.90"
"2025-12-23";"1445.90"
"2025-12-23";"1555.90"
"2025-12-23";"1564.28"
"2025-12-23";"1623.93"
"2025-12-23";"1735.23"
"2025-12-23";"1747.46"
"2025-12-23";"1803.61"
"2025-12-23";"1974.56"
"2025-12-23";"2015.90"
"2025-12-23";"2042.94"
"2025-12-23";"2111.32"
"2025-12-23";"2160.90"
"2025-12-23";"2264.12"
"2025-12-23";"2295.90"
"2025-12-23";"2307.90"
"2025-12-23";"2380.01"
"2025-12-23";"2674.90"
"2025-12-23";"2758.48"
"2025-12-23";"3499.00"
"2025-12-23";"3608.34"

"2025-12-24";"838.90"
"2025-12-24";"948.12"
"2025-12-24";"1071.99"
"2025-12-24";"1218.90"
"2025-12-24";"1317.90"
"2025-12-24";"1407.90"
"2025-12-24";"1445.90"
"2025-12-24";"1623.93"
"2025-12-24";"2674.90"
"2025-12-24";"2758.48"
"2025-12-24";"2974.90"
"2025-12-24";"3067.86"
"2025-12-24";"3499.00"
"2025-12-24";"3608.34"

"2025-12-25";"442.14"
"2025-12-25";"541.14"
"2025-12-25";"590.39"
"2025-12-25";"606.95"
"2025-12-25";"608.46"
"2025-12-25";"669.90"
"2025-12-25";"689.73"
"2025-12-25";"697.56"
"2025-12-25";"722.39"
"2025-12-25";"777.90"
"2025-12-25";"812.09"
"2025-12-25";"819.90"
"2025-12-25";"838.90"
"2025-12-25";"844.17"
"2025-12-25";"914.66"
"2025-12-25";"948.12"
"2025-12-25";"1071.99"
"2025-12-25";"1218.90"
"2025-12-25";"1317.90"
"2025-12-25";"1407.90"
"2025-12-25";"1445.90"
"2025-12-25";"1623.93"
"2025-12-25";"2015.90"
"2025-12-25";"2264.12"
"2025-12-25";"2755.90"
"2025-12-25";"2880.90"
"2025-12-25";"2990.90"
"2025-12-25";"3499.00"
"2025-12-25";"3608.34"

"2025-12-26";"689.73"
"2025-12-26";"695.62"
"2025-12-26";"844.17"
"2025-12-26";"851.38"
"2025-12-26";"954.90"
"2025-12-26";"984.73"
"2025-12-26";"984.98"
"2025-12-26";"1025.90"
"2025-12-26";"1113.11"
"2025-12-26";"1118.90"
"2025-12-26";"1152.23"
"2025-12-26";"1217.90"
"2025-12-26";"1223.99"
"2025-12-26";"1231.91"
"2025-12-26";"1301.31"
"2025-12-26";"1307.90"
"2025-12-26";"1324.94"
"2025-12-26";"1342.79"
"2025-12-26";"1359.14"
"2025-12-26";"1440.30"
"2025-12-26";"1443.27"
"2025-12-26";"1445.90"
"2025-12-26";"1555.90"
"2025-12-26";"1583.45"
"2025-12-26";"1623.93"
"2025-12-26";"1747.46"
"2025-12-26";"2111.32"
"2025-12-26";"2307.90"
"2025-12-26";"2380.01"
"2025-12-26";"2674.90"
"2025-12-26";"2758.48"
"2025-12-26";"3499.00"
"2025-12-26";"3608.34"

"2025-12-27";"838.90"
"2025-12-27";"948.12"
"2025-12-27";"1112.23"
"2025-12-27";"1113.11"
"2025-12-27";"1231.03"
"2025-12-27";"1231.91"
"2025-12-27";"1301.31"
"2025-12-27";"1440.30"
"2025-12-27";"1445.90"
"2025-12-27";"1623.93"
"2025-12-27";"2015.90"
"2025-12-27";"2111.32"
"2025-12-27";"2160.90"
"2025-12-27";"2264.12"
"2025-12-27";"2295.90"
"2025-12-27";"2974.90"
"2025-12-27";"3067.86"
"2025-12-27";"3499.00"
"2025-12-27";"3569.00"
"2025-12-27";"3589.00"
"2025-12-27";"3608.34"

"2025-12-28";"695.62"
"2025-12-28";"851.38"
"2025-12-28";"954.90"
"2025-12-28";"984.73"
"2025-12-28";"1071.99"
"2025-12-28";"1218.90"
"2025-12-28";"1223.99"
"2025-12-28";"1317.90"
"2025-12-28";"1342.79"
"2025-12-28";"1359.14"
"2025-12-28";"1407.90"
"2025-12-28";"1445.90"
"2025-12-28";"1455.50"
"2025-12-28";"1596.87"
"2025-12-28";"1623.93"
"2025-12-28";"2111.32"
"2025-12-28";"2307.90"
"2025-12-28";"2380.01"
"2025-12-28";"2423.06"
"2025-12-28";"2674.90"
"2025-12-28";"2755.90"
"2025-12-28";"2758.48"
"2025-12-28";"2880.90"
"2025-12-28";"2974.90"
"2025-12-28";"2990.90"
"2025-12-28";"3067.86"
"2025-12-28";"3499.00"
"2025-12-28";"3608.34"

"2025-12-29";"669.90"
"2025-12-29";"672.05"
"2025-12-29";"677.94"
"2025-12-29";"695.62"
"2025-12-29";"819.90"
"2025-12-29";"822.53"
"2025-12-29";"829.74"
"2025-12-29";"838.90"
"2025-12-29";"851.38"
"2025-12-29";"948.12"
"2025-12-29";"954.90"
"2025-12-29";"984.73"
"2025-12-29";"1025.90"
"2025-12-29";"1113.11"
"2025-12-29";"1152.23"
"2025-12-29";"1153.99"
"2025-12-29";"1223.99"
"2025-12-29";"1231.91"
"2025-12-29";"1290.75"
"2025-12-29";"1301.31"
"2025-12-29";"1324.94"
"2025-12-29";"1342.79"
"2025-12-29";"1359.14"
"2025-12-29";"1440.30"
"2025-12-29";"1445.90"
"2025-12-29";"1555.90"
"2025-12-29";"1623.93"
"2025-12-29";"1747.46"
"2025-12-29";"2015.90"
"2025-12-29";"2092.55"
"2025-12-29";"2111.32"
"2025-12-29";"2211.35"
"2025-12-29";"2264.12"
"2025-12-29";"2307.90"
"2025-12-29";"2380.01"
"2025-12-29";"3499.00"
"2025-12-29";"3569.00"
"2025-12-29";"3589.00"
"2025-12-29";"3608.34"

"2025-12-30";"590.39"
"2025-12-30";"683.83"
"2025-12-30";"695.62"
"2025-12-30";"722.39"
"2025-12-30";"836.95"
"2025-12-30";"838.90"
"2025-12-30";"851.38"
"2025-12-30";"948.12"
"2025-12-30";"954.90"
"2025-12-30";"984.73"
"2025-12-30";"1071.99"
"2025-12-30";"1113.11"
"2025-12-30";"1153.99"
"2025-12-30";"1218.90"
"2025-12-30";"1231.91"
"2025-12-30";"1317.90"
"2025-12-30";"1324.94"
"2025-12-30";"1339.58"
"2025-12-30";"1359.14"
"2025-12-30";"1407.90"
"2025-12-30";"1445.90"
"2025-12-30";"1522.90"
"2025-12-30";"1555.90"
"2025-12-30";"1623.93"
"2025-12-30";"1631.90"
"2025-12-30";"1721.90"
"2025-12-30";"1747.46"
"2025-12-30";"2015.90"
"2025-12-30";"2111.32"
"2025-12-30";"2264.12"
"2025-12-30";"3499.00"
"2025-12-30";"3608.34"

"2025-12-31";"590.39"
"2025-12-31";"722.39"
"2025-12-31";"770.39"
"2025-12-31";"777.90"
"2025-12-31";"838.90"
"2025-12-31";"914.66"
"2025-12-31";"942.89"
"2025-12-31";"948.12"
"2025-12-31";"954.90"
"2025-12-31";"984.73"
"2025-12-31";"1025.90"
"2025-12-31";"1071.99"
"2025-12-31";"1152.23"
"2025-12-31";"1218.90"
"2025-12-31";"1317.90"
"2025-12-31";"1407.90"
"2025-12-31";"1445.90"
"2025-12-31";"1623.93"
"2025-12-31";"1978.18"
"2025-12-31";"2249.90"
"2025-12-31";"2358.90"
"2025-12-31";"2468.90"
"2025-12-31";"2674.90"
"2025-12-31";"2758.48"
"2025-12-31";"3499.00"
"2025-12-31";"3608.34"

"2026-01-01";"606.95"
"2026-01-01";"737.35"
"2026-01-01";"811.27"
"2026-01-01";"812.15"
"2026-01-01";"837.90"
"2026-01-01";"838.90"
"2026-01-01";"856.15"
"2026-01-01";"892.40"
"2026-01-01";"914.23"
"2026-01-01";"930.07"
"2026-01-01";"930.95"
"2026-01-01";"948.12"
"2026-01-01";"972.90"
"2026-01-01";"1023.08"
"2026-01-01";"1025.90"
"2026-01-01";"1033.03"
"2026-01-01";"1051.42"
"2026-01-01";"1152.23"
"2026-01-01";"1153.99"
"2026-01-01";"1188.18"
"2026-01-01";"1445.90"
"2026-01-01";"1555.90"
"2026-01-01";"1623.93"
"2026-01-01";"1747.46"
"2026-01-01";"1978.18"
"2026-01-01";"2249.90"
"2026-01-01";"2358.90"
"2026-01-01";"2468.90"
"2026-01-01";"3499.00"
"2026-01-01";"3608.34"

"2026-01-02";"1113.11"
"2026-01-02";"1223.11"
"2026-01-02";"1231.91"
"2026-01-02";"1301.31"
"2026-01-02";"1312.43"
"2026-01-02";"1341.91"
"2026-01-02";"1440.30"
"2026-01-02";"1443.27"
"2026-01-02";"1452.62"
"2026-01-02";"1461.71"
"2026-01-02";"1555.90"
"2026-01-02";"1583.45"
"2026-01-02";"1747.46"
"2026-01-02";"2015.90"
"2026-01-02";"2092.55"
"2026-01-02";"2111.32"
"2026-01-02";"2211.35"
"2026-01-02";"2264.12"
"2026-01-02";"2307.90"
"2026-01-02";"2380.01"
"2026-01-02";"2640.79"
"2026-01-02";"2674.90"
"2026-01-02";"2758.48"
"2026-01-02";"2781.59"
"2026-01-02";"2974.90"
"2026-01-02";"3052.90"
"2026-01-02";"3067.86"
"2026-01-02";"3148.29"
"2026-01-02";"3167.89"
"2026-01-02";"3336.85"
"2026-01-02";"3499.00"
"2026-01-02";"3608.34"

"2026-01-03";"1301.31"
"2026-01-03";"1440.30"
"2026-01-03";"2015.90"
"2026-01-03";"2092.55"
"2026-01-03";"2111.32"
"2026-01-03";"2211.35"
"2026-01-03";"2264.12"
"2026-01-03";"2307.90"
"2026-01-03";"2380.01"
"2026-01-03";"2551.84"
"2026-01-03";"2674.90"
"2026-01-03";"2696.78"
"2026-01-03";"2758.48"
"2026-01-03";"2780.97"
"2026-01-03";"2899.82"
"2026-01-03";"2938.92"
"2026-01-03";"2974.90"
"2026-01-03";"3064.52"
"2026-01-03";"3067.86"
"2026-01-03";"3499.00"
"2026-01-03";"3569.00"
"2026-01-03";"3589.00"
"2026-01-03";"3608.34"

"2026-01-04";"1223.11"
"2026-01-04";"1223.99"
"2026-01-04";"1341.91"
"2026-01-04";"1342.79"
"2026-01-04";"1406.58"
"2026-01-04";"1443.27"
"2026-01-04";"1461.71"
"2026-01-04";"1543.20"
"2026-01-04";"1583.45"
"2026-01-04";"2015.90"
"2026-01-04";"2111.32"
"2026-01-04";"2264.12"
"2026-01-04";"2307.90"
"2026-01-04";"2380.01"
"2026-01-04";"2674.90"
"2026-01-04";"2758.48"
"2026-01-04";"2974.90"
"2026-01-04";"3052.90"
"2026-01-04";"3067.86"
"2026-01-04";"3148.29"
"2026-01-04";"3194.90"
"2026-01-04";"3319.90"
"2026-01-04";"3449.90"
"2026-01-04";"3499.00"
"2026-01-04";"3569.00"
"2026-01-04";"3589.00"
"2026-01-04";"3608.34"

"2026-01-05";"954.90"
"2026-01-05";"984.73"
"2026-01-05";"1025.90"
"2026-01-05";"1112.23"
"2026-01-05";"1113.11"
"2026-01-05";"1152.23"
"2026-01-05";"1223.11"
"2026-01-05";"1231.03"
"2026-01-05";"1231.91"
"2026-01-05";"1279.07"
"2026-01-05";"1339.58"
"2026-01-05";"1341.91"
"2026-01-05";"1345.42"
"2026-01-05";"1406.58"
"2026-01-05";"1415.69"
"2026-01-05";"1445.90"
"2026-01-05";"1461.71"
"2026-01-05";"1476.10"
"2026-01-05";"1522.90"
"2026-01-05";"1543.20"
"2026-01-05";"1623.93"
"2026-01-05";"1631.90"
"2026-01-05";"1721.90"
"2026-01-05";"1978.18"
"2026-01-05";"2111.32"
"2026-01-05";"2249.90"
"2026-01-05";"2307.90"
"2026-01-05";"2358.90"
"2026-01-05";"2380.01"
"2026-01-05";"2468.90"
"2026-01-05";"2674.90"
"2026-01-05";"2758.48"
"2026-01-05";"2974.90"
"2026-01-05";"3067.86"
"2026-01-05";"3499.00"
"2026-01-05";"3608.34"

"2026-01-06";"1025.90"
"2026-01-06";"1112.23"
"2026-01-06";"1113.11"
"2026-01-06";"1152.23"
"2026-01-06";"1231.03"
"2026-01-06";"1231.91"
"2026-01-06";"1263.90"
"2026-01-06";"1290.19"
"2026-01-06";"1339.58"
"2026-01-06";"1398.90"
"2026-01-06";"1427.99"
"2026-01-06";"1445.90"
"2026-01-06";"1461.71"
"2026-01-06";"1522.90"
"2026-01-06";"1555.90"
"2026-01-06";"1623.93"
"2026-01-06";"1631.90"
"2026-01-06";"1721.90"
"2026-01-06";"1747.46"
"2026-01-06";"2111.32"
"2026-01-06";"2974.90"
"2026-01-06";"3067.86"
"2026-01-06";"3499.00"
"2026-01-06";"3608.34"

"2026-01-07";"954.90"
"2026-01-07";"984.73"
"2026-01-07";"1025.90"
"2026-01-07";"1071.99"
"2026-01-07";"1112.23"
"2026-01-07";"1113.11"
"2026-01-07";"1152.23"
"2026-01-07";"1218.90"
"2026-01-07";"1231.03"
"2026-01-07";"1231.91"
"2026-01-07";"1263.90"
"2026-01-07";"1317.90"
"2026-01-07";"1339.58"
"2026-01-07";"1398.90"
"2026-01-07";"1407.90"
"2026-01-07";"1445.90"
"2026-01-07";"1461.71"
"2026-01-07";"1478.76"
"2026-01-07";"1522.90"
"2026-01-07";"1623.93"
"2026-01-07";"1631.90"
"2026-01-07";"1636.71"
"2026-01-07";"1721.90"
"2026-01-07";"2015.90"
"2026-01-07";"2111.32"
"2026-01-07";"2264.12"
"2026-01-07";"2974.90"
"2026-01-07";"3067.86"
"2026-01-07";"3499.00"
"2026-01-07";"3608.34"

"2026-01-08";"954.90"
"2026-01-08";"984.73"
"2026-01-08";"1025.90"
"2026-01-08";"1071.99"
"2026-01-08";"1112.23"
"2026-01-08";"1113.11"
"2026-01-08";"1152.23"
"2026-01-08";"1218.90"
"2026-01-08";"1223.11"
"2026-01-08";"1223.99"
"2026-01-08";"1231.03"
"2026-01-08";"1231.91"
"2026-01-08";"1317.90"
"2026-01-08";"1341.91"
"2026-01-08";"1342.79"
"2026-01-08";"1407.90"
"2026-01-08";"1445.90"
"2026-01-08";"1461.71"
"2026-01-08";"1555.90"
"2026-01-08";"1623.93"
"2026-01-08";"1747.46"
"2026-01-08";"2015.90"
"2026-01-08";"2111.32"
"2026-01-08";"2160.90"
"2026-01-08";"2264.12"
"2026-01-08";"2295.90"
"2026-01-08";"2674.90"
"2026-01-08";"2758.48"
"2026-01-08";"2974.90"
"2026-01-08";"3067.86"
"2026-01-08";"3499.00"
"2026-01-08";"3608.34"

"2026-01-09";"838.90"
"2026-01-09";"1025.90"
"2026-01-09";"1071.99"
"2026-01-09";"1112.23"
"2026-01-09";"1218.90"
"2026-01-09";"1223.11"
"2026-01-09";"1223.99"
"2026-01-09";"1231.03"
"2026-01-09";"1317.90"
"2026-01-09";"1341.91"
"2026-01-09";"1342.79"
"2026-01-09";"1407.90"
"2026-01-09";"1445.90"
"2026-01-09";"1461.71"
"2026-01-09";"1555.90"
"2026-01-09";"2015.90"
"2026-01-09";"2111.32"
"2026-01-09";"2307.90"
"2026-01-09";"2674.90"
"2026-01-09";"2974.90"
"2026-01-09";"3499.00"

"2026-01-10";"738.23"
"2026-01-10";"838.90"
"2026-01-10";"857.03"
"2026-01-10";"948.12"
"2026-01-10";"1069.65"
"2026-01-10";"1208.64"
"2026-01-10";"1427.52"
"2026-01-10";"1445.90"
"2026-01-10";"1623.93"
"2026-01-10";"1735.23"
"2026-01-10";"1836.77"
"2026-01-10";"1951.52"
"2026-01-10";"2008.75"
"2026-01-10";"2015.90"
"2026-01-10";"2160.90"
"2026-01-10";"2264.12"
"2026-01-10";"2295.90"
"2026-01-10";"2307.90"
"2026-01-10";"2380.01"
"2026-01-10";"2423.06"
"2026-01-10";"2755.90"
"2026-01-10";"2880.90"
"2026-01-10";"2974.90"
"2026-01-10";"2990.90"
"2026-01-10";"3067.86"
"2026-01-10";"3499.00"
"2026-01-10";"3608.34"

"2026-01-11";"812.15"
"2026-01-11";"930.95"
"2026-01-11";"932.97"
"2026-01-11";"1069.59"
"2026-01-11";"1071.99"
"2026-01-11";"1218.90"
"2026-01-11";"1317.90"
"2026-01-11";"1407.90"
"2026-01-11";"1555.90"
"2026-01-11";"1564.28"
"2026-01-11";"1747.46"
"2026-01-11";"1769.42"
"2026-01-11";"2015.90"
"2026-01-11";"2264.12"
"2026-01-11";"2307.90"
"2026-01-11";"2380.01"
"2026-01-11";"3499.00"
"2026-01-11";"3608.34"

"2026-01-12";"737.35"
"2026-01-12";"738.23"
"2026-01-12";"812.15"
"2026-01-12";"856.15"
"2026-01-12";"857.03"
"2026-01-12";"892.40"
"2026-01-12";"905.94"
"2026-01-12";"930.95"
"2026-01-12";"954.90"
"2026-01-12";"973.33"
"2026-01-12";"1023.08"
"2026-01-12";"1025.90"
"2026-01-12";"1071.99"
"2026-01-12";"1124.90"
"2026-01-12";"1204.90"
"2026-01-12";"1218.90"
"2026-01-12";"1317.90"
"2026-01-12";"1407.90"
"2026-01-12";"1445.90"
"2026-01-12";"1461.71"
"2026-01-12";"1494.00"
"2026-01-12";"1564.28"
"2026-01-12";"1701.04"
"2026-01-12";"2015.90"
"2026-01-12";"2082.99"
"2026-01-12";"2822.42"
"2026-01-12";"2974.90"
"2026-01-12";"3319.69"
"2026-01-12";"3499.00"
"2026-01-12";"3608.34"

"2026-01-13";"737.35"
"2026-01-13";"738.23"
"2026-01-13";"837.90"
"2026-01-13";"838.90"
"2026-01-13";"856.15"
"2026-01-13";"857.03"
"2026-01-13";"872.27"
"2026-01-13";"905.94"
"2026-01-13";"954.90"
"2026-01-13";"972.90"
"2026-01-13";"973.33"
"2026-01-13";"1025.90"
"2026-01-13";"1071.99"
"2026-01-13";"1218.90"
"2026-01-13";"1317.90"
"2026-01-13";"1407.90"
"2026-01-13";"1445.90"
"2026-01-13";"1461.71"
"2026-01-13";"1494.00"
"2026-01-13";"2822.42"
"2026-01-13";"2974.90"
"2026-01-13";"3319.69"
"2026-01-13";"3499.00"
"2026-01-13";"3569.00"
"2026-01-13";"3589.00"
"2026-01-13";"3608.34"

"2026-01-14";"547.26"
"2026-01-14";"657.90"
"2026-01-14";"737.35"
"2026-01-14";"738.23"
"2026-01-14";"838.90"
"2026-01-14";"856.15"
"2026-01-14";"857.03"
"2026-01-14";"872.27"
"2026-01-14";"903.90"
"2026-01-14";"939.85"
"2026-01-14";"973.33"
"2026-01-14";"1025.90"
"2026-01-14";"1071.99"
"2026-01-14";"1218.90"
"2026-01-14";"1317.90"
"2026-01-14";"1339.58"
"2026-01-14";"1407.90"
"2026-01-14";"1445.90"
"2026-01-14";"1461.71"
"2026-01-14";"1494.00"
"2026-01-14";"1522.90"
"2026-01-14";"1555.90"
"2026-01-14";"1607.66"
"2026-01-14";"1631.90"
"2026-01-14";"1721.90"
"2026-01-14";"2111.32"
"2026-01-14";"2376.90"
"2026-01-14";"2511.90"
"2026-01-14";"2709.67"
"2026-01-14";"2822.42"
"2026-01-14";"2863.57"
"2026-01-14";"2974.90"
"2026-01-14";"3319.69"
"2026-01-14";"3499.00"
"2026-01-14";"3608.34"

"2026-01-15";"657.90"
"2026-01-15";"712.22"
"2026-01-15";"737.35"
"2026-01-15";"738.23"
"2026-01-15";"811.27"
"2026-01-15";"812.15"
"2026-01-15";"826.97"
"2026-01-15";"838.90"
"2026-01-15";"856.15"
"2026-01-15";"857.03"
"2026-01-15";"903.90"
"2026-01-15";"930.07"
"2026-01-15";"930.95"
"2026-01-15";"1071.99"
"2026-01-15";"1218.90"
"2026-01-15";"1317.90"
"2026-01-15";"1407.90"
"2026-01-15";"1445.90"
"2026-01-15";"1461.71"
"2026-01-15";"1555.90"
"2026-01-15";"2307.90"
"2026-01-15";"2674.90"
"2026-01-15";"2974.90"

"2026-01-16";"547.26"
"2026-01-16";"657.90"
"2026-01-16";"737.35"
"2026-01-16";"788.96"
"2026-01-16";"811.27"
"2026-01-16";"812.15"
"2026-01-16";"838.90"
"2026-01-16";"856.15"
"2026-01-16";"868.06"
"2026-01-16";"872.27"
"2026-01-16";"916.08"
"2026-01-16";"930.07"
"2026-01-16";"930.95"
"2026-01-16";"995.17"
"2026-01-16";"1071.99"
"2026-01-16";"1218.90"
"2026-01-16";"1317.90"
"2026-01-16";"1407.90"
"2026-01-16";"1445.90"
"2026-01-16";"1461.71"
"2026-01-16";"1494.00"
"2026-01-16";"1530.09"
"2026-01-16";"1555.90"
"2026-01-16";"1564.28"
"2026-01-16";"1607.66"
"2026-01-16";"1666.85"
"2026-01-16";"3319.69"
"2026-01-16";"3499.00"
"2026-01-16";"3608.34"

"2026-01-17";"657.90"
"2026-01-17";"737.35"
"2026-01-17";"738.23"
"2026-01-17";"837.90"
"2026-01-17";"838.90"
"2026-01-17";"856.15"
"2026-01-17";"857.03"
"2026-01-17";"903.90"
"2026-01-17";"972.90"
"2026-01-17";"1445.90"
"2026-01-17";"2674.90"
"2026-01-17";"3194.90"
"2026-01-17";"3319.90"
"2026-01-17";"3449.90"
"2026-01-17";"3499.00"

"2026-01-18";"811.27"
"2026-01-18";"812.15"
"2026-01-18";"838.90"
"2026-01-18";"872.27"
"2026-01-18";"902.90"
"2026-01-18";"903.90"
"2026-01-18";"914.23"
"2026-01-18";"930.07"
"2026-01-18";"930.95"
"2026-01-18";"939.85"
"2026-01-18";"1025.90"
"2026-01-18";"1033.03"
"2026-01-18";"1124.90"
"2026-01-18";"1204.90"
"2026-01-18";"1445.90"
"2026-01-18";"1494.00"
"2026-01-18";"1564.28"
"2026-01-18";"1735.23"
"2026-01-18";"2015.90"
"2026-01-18";"2082.99"
"2026-01-18";"2307.90"
"2026-01-18";"2384.68"
"2026-01-18";"3319.69"
"2026-01-18";"3499.00"
"2026-01-18";"3608.34"

"2026-01-19";"547.26"
"2026-01-19";"657.90"
"2026-01-19";"737.35"
"2026-01-19";"738.23"
"2026-01-19";"811.27"
"2026-01-19";"838.90"
"2026-01-19";"856.15"
"2026-01-19";"857.03"
"2026-01-19";"872.27"
"2026-01-19";"903.90"
"2026-01-19";"930.07"
"2026-01-19";"939.85"
"2026-01-19";"1071.99"
"2026-01-19";"1218.90"
"2026-01-19";"1317.90"
"2026-01-19";"1407.90"
"2026-01-19";"1445.90"
"2026-01-19";"1461.71"
"2026-01-19";"1494.00"
"2026-01-19";"1555.90"
"2026-01-19";"1607.66"
"2026-01-19";"2537.81"
"2026-01-19";"2674.90"
"2026-01-19";"3499.00"
"2026-01-19";"3608.34"

"2026-01-20";"547.26"
"2026-01-20";"657.90"
"2026-01-20";"737.35"
"2026-01-20";"738.23"
"2026-01-20";"837.90"
"2026-01-20";"838.90"
"2026-01-20";"856.15"
"2026-01-20";"857.03"
"2026-01-20";"872.27"
"2026-01-20";"903.90"
"2026-01-20";"939.85"
"2026-01-20";"972.90"
"2026-01-20";"973.33"
"2026-01-20";"1025.90"
"2026-01-20";"1071.99"
"2026-01-20";"1218.90"
"2026-01-20";"1317.90"
"2026-01-20";"1407.90"
"2026-01-20";"1445.90"
"2026-01-20";"1461.71"
"2026-01-20";"1494.00"
"2026-01-20";"2015.90"
"2026-01-20";"2082.99"
"2026-01-20";"3194.90"
"2026-01-20";"3319.90"
"2026-01-20";"3414.55"
"2026-01-20";"3449.90"
"2026-01-20";"3499.00"
"2026-01-20";"3608.34"

"2026-01-21";"737.35"
"2026-01-21";"738.23"
"2026-01-21";"838.88"
"2026-01-21";"838.90"
"2026-01-21";"856.15"
"2026-01-21";"857.03"
"2026-01-21";"872.27"
"2026-01-21";"903.90"
"2026-01-21";"939.85"
"2026-01-21";"953.90"
"2026-01-21";"1052.90"
"2026-01-21";"1071.99"
"2026-01-21";"1132.90"
"2026-01-21";"1218.90"
"2026-01-21";"1317.90"
"2026-01-21";"1407.90"
"2026-01-21";"1445.90"
"2026-01-21";"1461.71"
"2026-01-21";"1494.00"
"2026-01-21";"2111.32"
"2026-01-21";"2307.90"
"2026-01-21";"2376.90"
"2026-01-21";"2384.68"
"2026-01-21";"2511.90"
"2026-01-21";"2537.81"
"2026-01-21";"2674.90"
"2026-01-21";"3499.00"
"2026-01-21";"3608.34"

"2026-01-22";"737.35"
"2026-01-22";"738.23"
"2026-01-22";"811.27"
"2026-01-22";"812.15"
"2026-01-22";"837.90"
"2026-01-22";"856.15"
"2026-01-22";"857.03"
"2026-01-22";"930.07"
"2026-01-22";"930.95"
"2026-01-22";"972.90"
"2026-01-22";"973.33"
"2026-01-22";"1025.90"
"2026-01-22";"1071.99"
"2026-01-22";"1218.90"
"2026-01-22";"1317.90"
"2026-01-22";"1407.90"
"2026-01-22";"1445.90"
"2026-01-22";"1461.71"
"2026-01-22";"1494.00"
"2026-01-22";"2015.90"
"2026-01-22";"2082.99"
"2026-01-22";"2307.90"
"2026-01-22";"2384.68"
"2026-01-22";"2537.81"
"2026-01-22";"2674.90"
"2026-01-22";"2822.42"
"2026-01-22";"2974.90"
"2026-01-22";"3608.34"

"2026-01-23";"811.27"
"2026-01-23";"812.15"
"2026-01-23";"833.21"
"2026-01-23";"838.90"
"2026-01-23";"903.90"
"2026-01-23";"930.07"
"2026-01-23";"930.95"
"2026-01-23";"967.45"
"2026-01-23";"1025.90"
"2026-01-23";"1071.99"
"2026-01-23";"1218.90"
"2026-01-23";"1317.90"
"2026-01-23";"1407.90"
"2026-01-23";"1461.71"
"2026-01-23";"1555.90"
"2026-01-23";"1564.28"
"2026-01-23";"1598.47"
"2026-01-23";"2015.90"
"2026-01-23";"2307.90"
"2026-01-23";"2674.90"

"2026-01-24";"547.26"
"2026-01-24";"657.90"
"2026-01-24";"737.35"
"2026-01-24";"738.23"
"2026-01-24";"856.15"
"2026-01-24";"857.03"
"2026-01-24";"903.90"
"2026-01-24";"939.85"
"2026-01-24";"973.33"
"2026-01-24";"1025.90"
"2026-01-24";"1445.90"
"2026-01-24";"1461.71"
"2026-01-24";"1494.00"
"2026-01-24";"1735.23"
"2026-01-24";"2015.90"
"2026-01-24";"2082.99"
"2026-01-24";"2160.90"
"2026-01-24";"2295.90"
"2026-01-24";"2307.90"
"2026-01-24";"2384.68"
"2026-01-24";"2537.81"
"2026-01-24";"2674.90"
"2026-01-24";"2822.42"
"2026-01-24";"2974.90"
"2026-01-24";"3499.00"
"2026-01-24";"3608.34"

"2026-01-25";"811.27"
"2026-01-25";"812.15"
"2026-01-25";"903.90"
"2026-01-25";"916.74"
"2026-01-25";"930.07"
"2026-01-25";"930.95"
"2026-01-25";"939.85"
"2026-01-25";"1050.98"
"2026-01-25";"1339.58"
"2026-01-25";"1445.90"
"2026-01-25";"1461.71"
"2026-01-25";"1494.00"
"2026-01-25";"1522.90"
"2026-01-25";"1564.28"
"2026-01-25";"1631.90"
"2026-01-25";"1721.90"
"2026-01-25";"1735.23"
"2026-01-25";"2015.90"
"2026-01-25";"2082.99"
"2026-01-25";"2537.81"
"2026-01-25";"2674.90"
"2026-01-25";"3319.69"
"2026-01-25";"3499.00"
"2026-01-25";"3608.34"

"2026-01-26";"547.26"
"2026-01-26";"657.90"
"2026-01-26";"738.23"
"2026-01-26";"811.27"
"2026-01-26";"833.21"
"2026-01-26";"838.90"
"2026-01-26";"857.03"
"2026-01-26";"872.27"
"2026-01-26";"915.11"
"2026-01-26";"930.07"
"2026-01-26";"967.45"
"2026-01-26";"973.33"
"2026-01-26";"1025.90"
"2026-01-26";"1033.91"
"2026-01-26";"1051.37"
"2026-01-26";"1071.99"
"2026-01-26";"1187.99"
"2026-01-26";"1218.90"
"2026-01-26";"1317.90"
"2026-01-26";"1407.90"
"2026-01-26";"1445.90"
"2026-01-26";"1461.71"
"2026-01-26";"1494.00"
"2026-01-26";"1564.28"
"2026-01-26";"1598.47"
"2026-01-26";"1735.23"
"2026-01-26";"2008.75"
"2026-01-26";"2015.90"
"2026-01-26";"2082.99"
"2026-01-26";"2307.90"
"2026-01-26";"2384.68"
"2026-01-26";"2822.42"
"2026-01-26";"2974.90"
"2026-01-26";"3499.00"
"2026-01-26";"3569.00"
"2026-01-26";"3589.00"
"2026-01-26";"3608.34"

"2026-01-27";"516.47"
"2026-01-27";"547.26"
"2026-01-27";"577.46"
"2026-01-27";"635.62"
"2026-01-27";"648.47"
"2026-01-27";"657.90"
"2026-01-27";"725.30"
"2026-01-27";"783.46"
"2026-01-27";"838.90"
"2026-01-27";"872.27"
"2026-01-27";"903.90"
"2026-01-27";"914.66"
"2026-01-27";"939.85"
"2026-01-27";"1071.99"
"2026-01-27";"1119.80"
"2026-01-27";"1154.90"
"2026-01-27";"1218.90"
"2026-01-27";"1222.37"
"2026-01-27";"1304.90"
"2026-01-27";"1317.90"
"2026-01-27";"1339.58"
"2026-01-27";"1407.90"
"2026-01-27";"1522.90"
"2026-01-27";"1631.90"
"2026-01-27";"1721.90"
"2026-01-27";"1940.37"
"2026-01-27";"2015.90"
"2026-01-27";"2082.99"
"2026-01-27";"2307.90"
"2026-01-27";"2384.68"
"2026-01-27";"3499.00"
"2026-01-27";"3608.34"

"2026-01-28";"516.47"
"2026-01-28";"547.26"
"2026-01-28";"648.47"
"2026-01-28";"657.90"
"2026-01-28";"838.88"
"2026-01-28";"838.90"
"2026-01-28";"872.27"
"2026-01-28";"903.90"
"2026-01-28";"939.85"
"2026-01-28";"973.33"
"2026-01-28";"1017.23"
"2026-01-28";"1025.90"
"2026-01-28";"1071.99"
"2026-01-28";"1138.27"
"2026-01-28";"1154.90"
"2026-01-28";"1286.11"
"2026-01-28";"1304.90"
"2026-01-28";"1445.90"
"2026-01-28";"1494.00"
"2026-01-28";"1940.37"
"2026-01-28";"2015.90"
"2026-01-28";"2082.99"
"2026-01-28";"2111.32"
"2026-01-28";"2307.90"
"2026-01-28";"2384.68"
"2026-01-28";"3499.00"
"2026-01-28";"3608.34"

"2026-01-29";"516.47"
"2026-01-29";"547.26"
"2026-01-29";"648.47"
"2026-01-29";"657.90"
"2026-01-29";"811.27"
"2026-01-29";"812.15"
"2026-01-29";"838.88"
"2026-01-29";"838.90"
"2026-01-29";"872.27"
"2026-01-29";"903.90"
"2026-01-29";"914.66"
"2026-01-29";"930.07"
"2026-01-29";"930.95"
"2026-01-29";"939.85"
"2026-01-29";"953.90"
"2026-01-29";"957.91"
"2026-01-29";"975.01"
"2026-01-29";"1017.23"
"2026-01-29";"1052.90"
"2026-01-29";"1071.99"
"2026-01-29";"1105.75"
"2026-01-29";"1125.49"
"2026-01-29";"1132.90"
"2026-01-29";"1154.90"
"2026-01-29";"1218.90"
"2026-01-29";"1284.90"
"2026-01-29";"1304.90"
"2026-01-29";"1317.90"
"2026-01-29";"1393.90"
"2026-01-29";"1407.90"
"2026-01-29";"1445.90"
"2026-01-29";"1483.90"
"2026-01-29";"1494.00"
"2026-01-29";"1564.28"
"2026-01-29";"1837.80"
"2026-01-29";"1940.37"
"2026-01-29";"2015.90"
"2026-01-29";"2082.99"
"2026-01-29";"2537.81"
"2026-01-29";"2674.90"
"2026-01-29";"3608.34"

"2026-01-30";"547.26"
"2026-01-30";"657.90"
"2026-01-30";"812.15"
"2026-01-30";"833.21"
"2026-01-30";"838.90"
"2026-01-30";"872.27"
"2026-01-30";"903.90"
"2026-01-30";"914.66"
"2026-01-30";"916.74"
"2026-01-30";"930.95"
"2026-01-30";"939.85"
"2026-01-30";"967.45"
"2026-01-30";"1050.98"
"2026-01-30";"1071.99"
"2026-01-30";"1218.90"
"2026-01-30";"1317.90"
"2026-01-30";"1382.12"
"2026-01-30";"1407.90"
"2026-01-30";"1445.90"
"2026-01-30";"1494.00"
"2026-01-30";"1516.36"
"2026-01-30";"1564.28"
"2026-01-30";"1598.47"
"2026-01-30";"1735.23"
"2026-01-30";"2015.90"
"2026-01-30";"2082.99"
"2026-01-30";"2111.32"
"2026-01-30";"2307.90"
"2026-01-30";"2384.68"
"2026-01-30";"2537.81"
"2026-01-30";"2674.90"
"2026-01-30";"3319.69"
"2026-01-30";"3499.00"
"2026-01-30";"3608.34"

"2026-01-31";"657.90"
"2026-01-31";"716.43"
"2026-01-31";"729.23"
"2026-01-31";"838.90"
"2026-01-31";"864.27"
"2026-01-31";"879.71"
"2026-01-31";"903.90"
"2026-01-31";"1025.90"
"2026-01-31";"1316.59"
"2026-01-31";"1393.33"
"2026-01-31";"1487.59"
"2026-01-31";"1555.90"
"2026-01-31";"2015.90"
"2026-01-31";"2111.32"
"2026-01-31";"3499.00"

"2026-02-01";"547.26"
"2026-02-01";"657.90"
"2026-02-01";"811.27"
"2026-02-01";"812.15"
"2026-02-01";"838.90"
"2026-02-01";"872.27"
"2026-02-01";"903.90"
"2026-02-01";"930.07"
"2026-02-01";"930.95"
"2026-02-01";"939.85"
"2026-02-01";"973.33"
"2026-02-01";"1025.90"
"2026-02-01";"1223.99"
"2026-02-01";"1339.58"
"2026-02-01";"1342.79"
"2026-02-01";"1445.90"
"2026-02-01";"1494.00"
"2026-02-01";"1522.90"
"2026-02-01";"1555.90"
"2026-02-01";"1564.28"
"2026-02-01";"1597.99"
"2026-02-01";"1607.66"
"2026-02-01";"1631.90"
"2026-02-01";"1716.79"
"2026-02-01";"1721.90"
"2026-02-01";"2015.90"
"2026-02-01";"2082.99"
"2026-02-01";"2111.32"
"2026-02-01";"2822.42"
"2026-02-01";"2974.90"
"2026-02-01";"3319.69"
"2026-02-01";"3499.00"
"2026-02-01";"3608.34"

"2026-02-02";"547.26"
"2026-02-02";"657.90"
"2026-02-02";"737.35"
"2026-02-02";"738.23"
"2026-02-02";"811.27"
"2026-02-02";"838.90"
"2026-02-02";"856.15"
"2026-02-02";"857.03"
"2026-02-02";"872.27"
"2026-02-02";"903.90"
"2026-02-02";"914.66"
"2026-02-02";"930.07"
"2026-02-02";"939.85"
"2026-02-02";"973.33"
"2026-02-02";"1025.90"
"2026-02-02";"1339.58"
"2026-02-02";"1522.90"
"2026-02-02";"1564.28"
"2026-02-02";"1631.90"
"2026-02-02";"1721.90"
"2026-02-02";"2015.90"
"2026-02-02";"2082.99"
"2026-02-02";"2307.90"
"2026-02-02";"2384.68"
"2026-02-02";"2537.81"
"2026-02-02";"2674.90"
"2026-02-02";"3319.69"
"2026-02-02";"3499.00"
"2026-02-02";"3569.00"
"2026-02-02";"3589.00"
"2026-02-02";"3608.34"

"2026-02-03";"547.26"
"2026-02-03";"657.90"
"2026-02-03";"713.06"
"2026-02-03";"822.90"
"2026-02-03";"827.81"
"2026-02-03";"855.64"
"2026-02-03";"1315.90"
"2026-02-03";"1359.66"
"2026-02-03";"1415.90"
"2026-02-03";"1427.52"
"2026-02-03";"1463.01"
"2026-02-03";"1571.66"
"2026-02-03";"1700.18"
"2026-02-03";"1759.61"
"2026-02-03";"1807.45"
"2026-02-03";"1833.90"
"2026-02-03";"1890.43"
"2026-02-03";"1894.93"
"2026-02-03";"2055.90"
"2026-02-03";"2111.32"
"2026-02-03";"2164.90"
"2026-02-03";"2274.90"
"2026-02-03";"3110.90"
"2026-02-03";"3276.82"
"2026-02-03";"3499.00"
"2026-02-03";"3608.34"

"2026-02-04";"498.86"
"2026-02-04";"547.26"
"2026-02-04";"626.36"
"2026-02-04";"641.14"
"2026-02-04";"657.90"
"2026-02-04";"822.90"
"2026-02-04";"829.03"
"2026-02-04";"855.64"
"2026-02-04";"933.90"
"2026-02-04";"942.90"
"2026-02-04";"971.06"
"2026-02-04";"984.98"
"2026-02-04";"1041.90"
"2026-02-04";"1118.90"
"2026-02-04";"1121.90"
"2026-02-04";"1154.90"
"2026-02-04";"1217.90"
"2026-02-04";"1304.90"
"2026-02-04";"1307.90"
"2026-02-04";"2111.32"
"2026-02-04";"2432.90"
"2026-02-04";"2513.83"
"2026-02-04";"2855.91"
"2026-02-04";"3008.23"
"2026-02-04";"3499.00"
"2026-02-04";"3608.34"

"2026-02-05";"498.86"
"2026-02-05";"547.26"
"2026-02-05";"626.36"
"2026-02-05";"641.14"
"2026-02-05";"657.90"
"2026-02-05";"783.61"
"2026-02-05";"784.46"
"2026-02-05";"822.90"
"2026-02-05";"855.64"
"2026-02-05";"898.36"
"2026-02-05";"899.21"
"2026-02-05";"933.90"
"2026-02-05";"971.06"
"2026-02-05";"984.98"
"2026-02-05";"1118.90"
"2026-02-05";"1217.90"
"2026-02-05";"1229.59"
"2026-02-05";"1307.90"
"2026-02-05";"1315.90"
"2026-02-05";"1359.66"
"2026-02-05";"1396.90"
"2026-02-05";"1505.90"
"2026-02-05";"1595.90"
"2026-02-05";"2111.32"
"2026-02-05";"2830.41"
"2026-02-05";"2981.37"
"2026-02-05";"3319.69"
"2026-02-05";"3499.00"
"2026-02-05";"3608.34"

"2026-02-06";"547.26"
"2026-02-06";"657.90"
"2026-02-06";"822.90"
"2026-02-06";"855.64"
"2026-02-06";"933.90"
"2026-02-06";"971.06"
"2026-02-06";"984.98"
"2026-02-06";"1118.90"
"2026-02-06";"1217.90"
"2026-02-06";"1307.90"
"2026-02-06";"1315.90"
"2026-02-06";"1359.66"
"2026-02-06";"2111.32"
"2026-02-06";"2247.31"
"2026-02-06";"2374.81"
"2026-02-06";"2550.76"
"2026-02-06";"2686.76"
"2026-02-06";"2881.41"
"2026-02-06";"3035.09"
"2026-02-06";"3608.34"

"2026-02-07";"547.26"
"2026-02-07";"641.14"
"2026-02-07";"657.90"
"2026-02-07";"822.90"
"2026-02-07";"855.64"
"2026-02-07";"1081.11"
"2026-02-07";"1154.90"
"2026-02-07";"1208.61"
"2026-02-07";"1304.90"
"2026-02-07";"1315.90"
"2026-02-07";"1316.59"
"2026-02-07";"1359.66"
"2026-02-07";"1427.52"
"2026-02-07";"1487.59"
"2026-02-07";"1495.90"
"2026-02-07";"2111.32"
"2026-02-07";"2567.21"
"2026-02-07";"2705.90"
"2026-02-07";"2855.91"
"2026-02-07";"2906.91"
"2026-02-07";"3008.23"
"2026-02-07";"3061.95"
"2026-02-07";"3499.00"
"2026-02-07";"3608.34"

"2026-02-08";"547.26"
"2026-02-08";"657.90"
"2026-02-08";"822.90"
"2026-02-08";"855.64"
"2026-02-08";"933.90"
"2026-02-08";"971.06"
"2026-02-08";"1182.26"
"2026-02-08";"1229.59"
"2026-02-08";"1297.01"
"2026-02-08";"1396.90"
"2026-02-08";"1505.90"
"2026-02-08";"1564.28"
"2026-02-08";"1595.90"
"2026-02-08";"2111.32"
"2026-02-08";"2247.31"
"2026-02-08";"2374.81"
"2026-02-08";"2539.47"
"2026-02-08";"2549.91"
"2026-02-08";"2550.76"
"2026-02-08";"2683.54"
"2026-02-08";"2685.91"
"2026-02-08";"2686.76"
"2026-02-08";"2881.41"
"2026-02-08";"2932.41"
"2026-02-08";"3035.09"
"2026-02-08";"3088.81"
"2026-02-08";"3499.00"
"2026-02-08";"3608.34"

"2026-02-09";"547.26"
"2026-02-09";"618.71"
"2026-02-09";"657.90"
"2026-02-09";"746.21"
"2026-02-09";"752.16"
"2026-02-09";"829.03"
"2026-02-09";"846.28"
"2026-02-09";"879.66"
"2026-02-09";"942.90"
"2026-02-09";"984.98"
"2026-02-09";"1017.23"
"2026-02-09";"1041.90"
"2026-02-09";"1118.90"
"2026-02-09";"1121.90"
"2026-02-09";"1217.90"
"2026-02-09";"1307.90"
"2026-02-09";"1833.90"
"2026-02-09";"1894.93"
"2026-02-09";"2020.36"
"2026-02-09";"2111.32"
"2026-02-09";"2135.11"
"2026-02-09";"2881.41"
"2026-02-09";"2932.41"
"2026-02-09";"3035.09"
"2026-02-09";"3088.81"
"2026-02-09";"3499.00"
"2026-02-09";"3608.34"

"2026-02-10";"547.26"
"2026-02-10";"594.85"
"2026-02-10";"657.90"
"2026-02-10";"713.06"
"2026-02-10";"797.68"
"2026-02-10";"822.90"
"2026-02-10";"827.81"
"2026-02-10";"926.20"
"2026-02-10";"930.05"
"2026-02-10";"984.98"
"2026-02-10";"1118.90"
"2026-02-10";"1203.23"
"2026-02-10";"1217.90"
"2026-02-10";"1307.90"
"2026-02-10";"1315.90"
"2026-02-10";"1331.75"
"2026-02-10";"1359.66"
"2026-02-10";"1427.52"
"2026-02-10";"1564.28"
"2026-02-10";"1571.66"
"2026-02-10";"1599.73"
"2026-02-10";"1700.18"
"2026-02-10";"1730.54"
"2026-02-10";"1759.61"
"2026-02-10";"1807.45"
"2026-02-10";"1890.43"
"2026-02-10";"2055.90"
"2026-02-10";"2111.32"
"2026-02-10";"2164.90"
"2026-02-10";"2274.90"
"2026-02-10";"3499.00"
"2026-02-10";"3608.34"

"2026-02-11";"594.85"
"2026-02-11";"657.90"
"2026-02-11";"670.32"
"2026-02-11";"737.35"
"2026-02-11";"738.23"
"2026-02-11";"778.32"
"2026-02-11";"822.90"
"2026-02-11";"856.15"
"2026-02-11";"857.03"
"2026-02-11";"930.05"
"2026-02-11";"1118.90"
"2026-02-11";"1217.90"
"2026-02-11";"1307.90"
"2026-02-11";"2111.32"
"2026-02-11";"3499.00"
"2026-02-11";"3608.34"

"2026-02-12";"822.90"
"2026-02-12";"930.05"
"2026-02-12";"984.98"
"2026-02-12";"1118.90"
"2026-02-12";"1217.90"
"2026-02-12";"1223.11"
"2026-02-12";"1223.99"
"2026-02-12";"1307.90"
"2026-02-12";"1315.90"
"2026-02-12";"1341.91"
"2026-02-12";"1342.79"
"2026-02-12";"1477.92"
"2026-02-12";"1807.45"
"2026-02-12";"2055.90"
"2026-02-12";"2111.32"
"2026-02-12";"2164.90"
"2026-02-12";"2274.90"
"2026-02-12";"3499.00"
"2026-02-12";"3608.34"

"2026-02-13";"822.90"
"2026-02-13";"930.05"
"2026-02-13";"933.90"
"2026-02-13";"963.08"
"2026-02-13";"984.98"
"2026-02-13";"1118.90"
"2026-02-13";"1217.90"
"2026-02-13";"1223.11"
"2026-02-13";"1223.99"
"2026-02-13";"1307.90"
"2026-02-13";"1315.90"
"2026-02-13";"1341.91"
"2026-02-13";"1342.79"
"2026-02-13";"1477.92"
"2026-02-13";"2051.42"
"2026-02-13";"2099.90"
"2026-02-13";"2358.44"
"2026-02-13";"2432.90"
"2026-02-13";"2508.94"
"2026-02-13";"3499.00"
"2026-02-13";"3608.34"

"2026-02-14";"822.90"
"2026-02-14";"930.05"
"2026-02-14";"1223.11"
"2026-02-14";"1223.99"
"2026-02-14";"1315.90"
"2026-02-14";"1341.91"
"2026-02-14";"1342.79"
"2026-02-14";"1477.92"
"2026-02-14";"1833.90"
"2026-02-14";"2051.42"
"2026-02-14";"2059.70"
"2026-02-14";"2099.90"
"2026-02-14";"2160.90"
"2026-02-14";"2295.90"
"2026-02-14";"2358.44"
"2026-02-14";"3499.00"
"2026-02-14";"3608.34"

"2026-02-15";"594.85"
"2026-02-15";"657.90"
"2026-02-15";"1315.90"
"2026-02-15";"1477.92"
"2026-02-15";"1807.45"
"2026-02-15";"2051.42"
"2026-02-15";"2055.90"
"2026-02-15";"2164.90"
"2026-02-15";"2274.90"
"2026-02-15";"2464.85"
"2026-02-15";"2604.84"
"2026-02-15";"3499.00"
"2026-02-15";"3608.34"

"2026-02-16";"594.85"
"2026-02-16";"657.90"
"2026-02-16";"822.90"
"2026-02-16";"930.05"
"2026-02-16";"980.20"
"2026-02-16";"1015.53"
"2026-02-16";"1107.58"
"2026-02-16";"1147.49"
"2026-02-16";"1265.04"
"2026-02-16";"1299.24"
"2026-02-16";"1315.90"
"2026-02-16";"1477.92"
"2026-02-16";"1833.90"
"2026-02-16";"1999.52"
"2026-02-16";"2059.70"
"2026-02-16";"2273.90"
"2026-02-16";"2398.90"
"2026-02-16";"2508.90"
"2026-02-16";"3499.00"
"2026-02-16";"3608.34"

"2026-02-17";"822.90"
"2026-02-17";"831.51"
"2026-02-17";"832.39"
"2026-02-17";"930.05"
"2026-02-17";"933.90"
"2026-02-17";"950.31"
"2026-02-17";"951.19"
"2026-02-17";"963.08"
"2026-02-17";"1096.62"
"2026-02-17";"1245.90"
"2026-02-17";"1315.90"
"2026-02-17";"1354.90"
"2026-02-17";"1444.90"
"2026-02-17";"1477.92"
"2026-02-17";"1538.57"
"2026-02-17";"1807.45"
"2026-02-17";"1833.90"
"2026-02-17";"2051.42"
"2026-02-17";"2055.90"
"2026-02-17";"2059.70"
"2026-02-17";"2099.90"
"2026-02-17";"2164.90"
"2026-02-17";"2274.90"
"2026-02-17";"2358.44"
"2026-02-17";"3499.00"
"2026-02-17";"3608.34"

"2026-02-18";"822.90"
"2026-02-18";"831.51"
"2026-02-18";"832.39"
"2026-02-18";"930.05"
"2026-02-18";"933.90"
"2026-02-18";"950.31"
"2026-02-18";"951.19"
"2026-02-18";"963.08"
"2026-02-18";"1315.90"
"2026-02-18";"1477.92"
"2026-02-18";"1538.57"
"2026-02-18";"2051.42"
"2026-02-18";"2055.90"
"2026-02-18";"2160.90"
"2026-02-18";"2164.90"
"2026-02-18";"2273.90"
"2026-02-18";"2274.90"
"2026-02-18";"2295.90"
"2026-02-18";"2398.90"
"2026-02-18";"2432.90"
"2026-02-18";"2508.90"
"2026-02-18";"2508.94"
"2026-02-18";"2705.90"
"2026-02-18";"2790.46"
"2026-02-18";"3499.00"
"2026-02-18";"3608.34"

"2026-02-19";"498.86"
"2026-02-19";"581.24"
"2026-02-19";"594.85"
"2026-02-19";"626.36"
"2026-02-19";"649.62"
"2026-02-19";"657.90"
"2026-02-19";"783.61"
"2026-02-19";"784.46"
"2026-02-19";"822.90"
"2026-02-19";"883.06"
"2026-02-19";"898.36"
"2026-02-19";"899.21"
"2026-02-19";"930.05"
"2026-02-19";"933.90"
"2026-02-19";"963.08"
"2026-02-19";"991.52"
"2026-02-19";"997.81"
"2026-02-19";"1096.62"
"2026-02-19";"1128.28"
"2026-02-19";"1245.90"
"2026-02-19";"1354.90"
"2026-02-19";"1444.90"
"2026-02-19";"1999.52"
"2026-02-19";"2051.42"
"2026-02-19";"2099.90"
"2026-02-19";"2273.90"
"2026-02-19";"2358.44"
"2026-02-19";"2398.90"
"2026-02-19";"2432.90"
"2026-02-19";"2508.90"
"2026-02-19";"2508.94"
"2026-02-19";"2705.90"
"2026-02-19";"2790.46"
"2026-02-19";"2855.91"
"2026-02-19";"3008.23"
"2026-02-19";"3499.00"
"2026-02-19";"3608.34"

"2026-02-20";"562.76"
"2026-02-20";"594.85"
"2026-02-20";"649.62"
"2026-02-20";"657.90"
"2026-02-20";"666.08"
"2026-02-20";"706.83"
"2026-02-20";"718.00"
"2026-02-20";"763.61"
"2026-02-20";"783.61"
"2026-02-20";"784.46"
"2026-02-20";"822.90"
"2026-02-20";"854.76"
"2026-02-20";"898.36"
"2026-02-20";"899.21"
"2026-02-20";"930.05"
"2026-02-20";"984.98"
"2026-02-20";"991.52"
"2026-02-20";"1118.90"
"2026-02-20";"1217.90"
"2026-02-20";"1307.90"
"2026-02-20";"1833.90"
"2026-02-20";"2051.42"
"2026-02-20";"2059.70"
"2026-02-20";"2248.16"
"2026-02-20";"2375.66"
"2026-02-20";"2705.90"
"2026-02-20";"2790.46"
"2026-02-20";"3499.00"
"2026-02-20";"3608.34"

"2026-02-21";"706.79"
"2026-02-21";"755.92"
"2026-02-21";"803.17"
"2026-02-21";"807.77"
"2026-02-21";"822.90"
"2026-02-21";"831.51"
"2026-02-21";"832.39"
"2026-02-21";"863.92"
"2026-02-21";"917.92"
"2026-02-21";"930.05"
"2026-02-21";"933.90"
"2026-02-21";"950.31"
"2026-02-21";"951.19"
"2026-02-21";"963.08"
"2026-02-21";"1299.24"
"2026-02-21";"1315.90"
"2026-02-21";"1477.92"
"2026-02-21";"1538.57"
"2026-02-21";"2051.42"
"2026-02-21";"3499.00"
"2026-02-21";"3608.34"

"2026-02-22";"822.90"
"2026-02-22";"930.05"
"2026-02-22";"933.90"
"2026-02-22";"963.08"
"2026-02-22";"984.98"
"2026-02-22";"1118.90"
"2026-02-22";"1217.90"
"2026-02-22";"1223.11"
"2026-02-22";"1223.99"
"2026-02-22";"1307.90"
"2026-02-22";"1315.90"
"2026-02-22";"1341.91"
"2026-02-22";"1342.79"
"2026-02-22";"1477.92"
"2026-02-22";"2051.42"
"2026-02-22";"3499.00"
"2026-02-22";"3608.34"

"2026-02-23";"547.26"
"2026-02-23";"657.90"
"2026-02-23";"822.90"
"2026-02-23";"855.64"
"2026-02-23";"984.98"
"2026-02-23";"1096.62"
"2026-02-23";"1118.90"
"2026-02-23";"1217.90"
"2026-02-23";"1223.11"
"2026-02-23";"1223.99"
"2026-02-23";"1245.90"
"2026-02-23";"1307.90"
"2026-02-23";"1315.90"
"2026-02-23";"1341.91"
"2026-02-23";"1342.79"
"2026-02-23";"1354.90"
"2026-02-23";"1359.66"
"2026-02-23";"1444.90"
"2026-02-23";"2051.42"
"2026-02-23";"2432.90"
"2026-02-23";"2513.83"
"2026-02-23";"3319.69"
"2026-02-23";"3499.00"
"2026-02-23";"3608.34"

"2026-02-24";"498.86"
"2026-02-24";"547.26"
"2026-02-24";"557.78"
"2026-02-24";"581.24"
"2026-02-24";"626.36"
"2026-02-24";"649.62"
"2026-02-24";"657.90"
"2026-02-24";"700.58"
"2026-02-24";"718.00"
"2026-02-24";"984.98"
"2026-02-24";"1118.90"
"2026-02-24";"1209.90"
"2026-02-24";"1217.90"
"2026-02-24";"1307.90"
"2026-02-24";"1352.70"
"2026-02-24";"1439.33"
"2026-02-24";"1465.03"
"2026-02-24";"1538.57"
"2026-02-24";"1582.13"
"2026-02-24";"1610.38"
"2026-02-24";"1812.09"
"2026-02-24";"1846.28"
"2026-02-24";"2099.90"
"2026-02-24";"2169.77"
"2026-02-24";"2567.21"
"2026-02-24";"2705.90"
"2026-02-24";"3499.00"
"2026-02-24";"3608.34"

"2026-02-25";"498.01"
"2026-02-25";"498.86"
"2026-02-25";"547.26"
"2026-02-25";"547.82"
"2026-02-25";"581.24"
"2026-02-25";"625.51"
"2026-02-25";"626.36"
"2026-02-25";"649.62"
"2026-02-25";"657.90"
"2026-02-25";"688.07"
"2026-02-25";"718.00"
"2026-02-25";"984.98"
"2026-02-25";"1118.90"
"2026-02-25";"1154.90"
"2026-02-25";"1217.90"
"2026-02-25";"1229.59"
"2026-02-25";"1270.39"
"2026-02-25";"1304.90"
"2026-02-25";"1307.90"
"2026-02-25";"1315.90"
"2026-02-25";"1359.66"
"2026-02-25";"1367.62"
"2026-02-25";"1396.90"
"2026-02-25";"1415.90"
"2026-02-25";"1435.39"
"2026-02-25";"1463.01"
"2026-02-25";"1505.90"
"2026-02-25";"1595.90"
"2026-02-25";"1833.90"
"2026-02-25";"1894.93"
"2026-02-25";"3499.00"
"2026-02-25";"3608.34"

"2026-02-26";"498.01"
"2026-02-26";"498.86"
"2026-02-26";"547.26"
"2026-02-26";"562.76"
"2026-02-26";"581.24"
"2026-02-26";"625.51"
"2026-02-26";"626.36"
"2026-02-26";"649.62"
"2026-02-26";"657.90"
"2026-02-26";"706.83"
"2026-02-26";"718.00"
"2026-02-26";"783.61"
"2026-02-26";"822.90"
"2026-02-26";"829.03"
"2026-02-26";"855.64"
"2026-02-26";"898.36"
"2026-02-26";"942.90"
"2026-02-26";"984.98"
"2026-02-26";"1041.90"
"2026-02-26";"1118.90"
"2026-02-26";"1121.90"
"2026-02-26";"1217.90"
"2026-02-26";"1307.90"
"2026-02-26";"3499.00"
"2026-02-26";"3608.34"

"2026-02-27";"498.01"
"2026-02-27";"498.86"
"2026-02-27";"547.26"
"2026-02-27";"549.01"
"2026-02-27";"625.51"
"2026-02-27";"626.36"
"2026-02-27";"649.62"
"2026-02-27";"657.90"
"2026-02-27";"676.51"
"2026-02-27";"933.90"
"2026-02-27";"971.06"
"2026-02-27";"984.98"
"2026-02-27";"1118.90"
"2026-02-27";"1217.90"
"2026-02-27";"1307.90"
"2026-02-27";"2020.36"
"2026-02-27";"2051.42"
"2026-02-27";"2135.11"
"2026-02-27";"2247.31"
"2026-02-27";"2248.16"
"2026-02-27";"2374.81"
"2026-02-27";"2375.66"
"2026-02-27";"2550.76"
"2026-02-27";"2686.76"
"2026-02-27";"3499.00"
"2026-02-27";"3608.34"

"2026-02-28";"498.86"
"2026-02-28";"547.26"
"2026-02-28";"581.24"
"2026-02-28";"617.86"
"2026-02-28";"626.36"
"2026-02-28";"657.90"
"2026-02-28";"745.36"
"2026-02-28";"751.31"
"2026-02-28";"786.38"
"2026-02-28";"822.90"
"2026-02-28";"855.64"
"2026-02-28";"878.81"
"2026-02-28";"957.33"
"2026-02-28";"1096.62"
"2026-02-28";"1154.90"
"2026-02-28";"1245.90"
"2026-02-28";"1265.04"
"2026-02-28";"1304.90"
"2026-02-28";"1354.90"
"2026-02-28";"1444.90"
"2026-02-28";"3499.00"
"2026-02-28";"3608.34"

"2026-03-01";"547.26"
"2026-03-01";"657.90"
"2026-03-01";"688.90"
"2026-03-01";"787.90"
"2026-03-01";"822.90"
"2026-03-01";"852.90"
"2026-03-01";"855.64"
"2026-03-01";"1096.62"
"2026-03-01";"1181.41"
"2026-03-01";"1245.90"
"2026-03-01";"1296.16"
"2026-03-01";"1315.90"
"2026-03-01";"1354.90"
"2026-03-01";"1359.66"
"2026-03-01";"1415.90"
"2026-03-01";"1444.90"
"2026-03-01";"1463.01"
"2026-03-01";"1504.38"
"2026-03-01";"1543.51"
"2026-03-01";"1658.26"
"2026-03-01";"1948.85"
"2026-03-01";"2020.36"
"2026-03-01";"2051.42"
"2026-03-01";"2135.11"
"2026-03-01";"2549.91"
"2026-03-01";"2550.76"
"2026-03-01";"2685.91"
"2026-03-01";"2686.76"
"2026-03-01";"3499.00"
"2026-03-01";"3608.34"

"2026-03-02";"547.26"
"2026-03-02";"649.62"
"2026-03-02";"657.90"
"2026-03-02";"712.21"
"2026-03-02";"713.06"
"2026-03-02";"826.96"
"2026-03-02";"827.81"
"2026-03-02";"883.91"
"2026-03-02";"923.14"
"2026-03-02";"933.90"
"2026-03-02";"971.06"
"2026-03-02";"984.98"
"2026-03-02";"998.66"
"2026-03-02";"1096.62"
"2026-03-02";"1118.90"
"2026-03-02";"1128.28"
"2026-03-02";"1181.41"
"2026-03-02";"1217.90"
"2026-03-02";"1245.90"
"2026-03-02";"1296.16"
"2026-03-02";"1307.90"
"2026-03-02";"1354.90"
"2026-03-02";"1444.90"
"2026-03-02";"1504.38"
"2026-03-02";"1543.51"
"2026-03-02";"1658.26"
"2026-03-02";"1948.85"
"2026-03-02";"2021.21"
"2026-03-02";"2051.42"
"2026-03-02";"2135.96"
"2026-03-02";"3499.00"
"2026-03-02";"3608.34"

"2026-03-03";"498.01"
"2026-03-03";"498.86"
"2026-03-03";"547.26"
"2026-03-03";"567.74"
"2026-03-03";"581.24"
"2026-03-03";"625.51"
"2026-03-03";"626.36"
"2026-03-03";"649.62"
"2026-03-03";"657.90"
"2026-03-03";"713.09"
"2026-03-03";"718.00"
"2026-03-03";"822.90"
"2026-03-03";"855.64"
"2026-03-03";"982.51"
"2026-03-03";"984.98"
"2026-03-03";"1110.01"
"2026-03-03";"1118.90"
"2026-03-03";"1217.90"
"2026-03-03";"1265.04"
"2026-03-03";"1307.90"
"2026-03-03";"1807.45"
"2026-03-03";"2055.90"
"2026-03-03";"2164.90"
"2026-03-03";"2274.90"
"2026-03-03";"3499.00"
"2026-03-03";"3608.34"

"2026-03-04";"498.86"
"2026-03-04";"547.26"
"2026-03-04";"581.24"
"2026-03-04";"626.36"
"2026-03-04";"657.90"
"2026-03-04";"1118.90"
"2026-03-04";"1154.90"
"2026-03-04";"1217.90"
"2026-03-04";"1245.90"
"2026-03-04";"1304.90"
"2026-03-04";"1307.90"
"2026-03-04";"1354.90"
"2026-03-04";"1444.90"
"2026-03-04";"2051.42"
"2026-03-04";"2855.91"
"2026-03-04";"3008.23"
"2026-03-04";"3499.00"
"2026-03-04";"3608.34"

"2026-03-05";"498.01"
"2026-03-05";"498.86"
"2026-03-05";"547.26"
"2026-03-05";"581.24"
"2026-03-05";"625.51"
"2026-03-05";"626.36"
"2026-03-05";"657.90"
"2026-03-05";"783.61"
"2026-03-05";"898.36"
"2026-03-05";"933.90"
"2026-03-05";"971.06"
"2026-03-05";"984.98"
"2026-03-05";"1118.90"
"2026-03-05";"1217.90"
"2026-03-05";"1307.90"
"2026-03-05";"1833.90"
"2026-03-05";"1894.93"
"2026-03-05";"3499.00"
"2026-03-05";"3569.00"
"2026-03-05";"3589.00"
"2026-03-05";"3608.34"

"2026-03-06";"649.62"
"2026-03-06";"657.90"
"2026-03-06";"712.21"
"2026-03-06";"713.06"
"2026-03-06";"784.46"
"2026-03-06";"822.90"
"2026-03-06";"826.96"
"2026-03-06";"827.81"
"2026-03-06";"899.21"
"2026-03-06";"933.90"
"2026-03-06";"984.98"
"2026-03-06";"1074.31"
"2026-03-06";"1118.90"
"2026-03-06";"1162.47"
"2026-03-06";"1189.06"
"2026-03-06";"1217.90"
"2026-03-06";"1307.90"
"2026-03-06";"1315.90"
"2026-03-06";"1543.51"
"2026-03-06";"1658.26"
"2026-03-06";"2020.36"
"2026-03-06";"2021.21"
"2026-03-06";"2051.42"
"2026-03-06";"2135.11"
"2026-03-06";"2135.96"
"2026-03-06";"2550.76"
"2026-03-06";"2686.76"
"2026-03-06";"3499.00"

"2026-03-07";"498.86"
"2026-03-07";"547.26"
"2026-03-07";"581.24"
"2026-03-07";"626.36"
"2026-03-07";"657.90"
"2026-03-07";"822.90"
"2026-03-07";"855.64"
"2026-03-07";"933.90"
"2026-03-07";"971.06"
"2026-03-07";"1154.90"
"2026-03-07";"1265.04"
"2026-03-07";"1304.90"
"2026-03-07";"1315.90"
"2026-03-07";"1359.66"
"2026-03-07";"2051.42"
"2026-03-07";"2550.76"
"2026-03-07";"2686.76"
"2026-03-07";"2855.91"
"2026-03-07";"3008.23"
"2026-03-07";"3299.89"
"2026-03-07";"3475.89"
"2026-03-07";"3499.00"
"2026-03-07";"3608.34"

"2026-03-08";"547.26"
"2026-03-08";"657.90"
"2026-03-08";"822.90"
"2026-03-08";"829.03"
"2026-03-08";"838.47"
"2026-03-08";"855.64"
"2026-03-08";"933.90"
"2026-03-08";"942.90"
"2026-03-08";"961.25"
"2026-03-08";"971.06"
"2026-03-08";"1041.90"
"2026-03-08";"1059.90"
"2026-03-08";"1096.62"
"2026-03-08";"1121.90"
"2026-03-08";"1245.90"
"2026-03-08";"1299.56"
"2026-03-08";"1354.90"
"2026-03-08";"1425.78"
"2026-03-08";"1444.90"
"2026-03-08";"1641.14"
"2026-03-08";"1697.87"
"2026-03-08";"1824.09"
"2026-03-08";"2051.42"
"2026-03-08";"2161.79"
"2026-03-08";"2284.57"
"2026-03-08";"2550.76"
"2026-03-08";"2686.76"
"2026-03-08";"3499.00"
"2026-03-08";"3608.34"

"2026-03-09";"547.26"
"2026-03-09";"649.62"
"2026-03-09";"657.90"
"2026-03-09";"712.21"
"2026-03-09";"713.06"
"2026-03-09";"822.90"
"2026-03-09";"826.96"
"2026-03-09";"827.81"
"2026-03-09";"855.64"
"2026-03-09";"883.91"
"2026-03-09";"923.14"
"2026-03-09";"933.90"
"2026-03-09";"971.06"
"2026-03-09";"984.98"
"2026-03-09";"998.66"
"2026-03-09";"1075.16"
"2026-03-09";"1096.62"
"2026-03-09";"1118.90"
"2026-03-09";"1128.28"
"2026-03-09";"1189.91"
"2026-03-09";"1217.90"
"2026-03-09";"1245.90"
"2026-03-09";"1307.90"
"2026-03-09";"1354.90"
"2026-03-09";"1367.62"
"2026-03-09";"1444.90"
"2026-03-09";"1543.51"
"2026-03-09";"1658.26"
"2026-03-09";"1948.85"
"2026-03-09";"2021.21"
"2026-03-09";"2051.42"
"2026-03-09";"2135.96"
"2026-03-09";"3499.00"
"2026-03-09";"3608.34"

"2026-03-10";"498.86"
"2026-03-10";"542.84"
"2026-03-10";"547.26"
"2026-03-10";"581.24"
"2026-03-10";"626.36"
"2026-03-10";"649.62"
"2026-03-10";"657.90"
"2026-03-10";"673.47"
"2026-03-10";"681.81"
"2026-03-10";"683.81"
"2026-03-10";"812.45"
"2026-03-10";"822.90"
"2026-03-10";"854.76"
"2026-03-10";"855.64"
"2026-03-10";"984.98"
"2026-03-10";"1118.90"
"2026-03-10";"1217.90"
"2026-03-10";"1307.90"
"2026-03-10";"3499.00"
"2026-03-10";"3608.34"

"2026-03-11";"547.26"
"2026-03-11";"581.24"
"2026-03-11";"649.62"
"2026-03-11";"657.90"
"2026-03-11";"822.90"
"2026-03-11";"855.64"
"2026-03-11";"933.90"
"2026-03-11";"971.06"
"2026-03-11";"984.98"
"2026-03-11";"1096.62"
"2026-03-11";"1118.90"
"2026-03-11";"1217.90"
"2026-03-11";"1245.90"
"2026-03-11";"1265.04"
"2026-03-11";"1307.90"
"2026-03-11";"1354.90"
"2026-03-11";"1367.62"
"2026-03-11";"1444.90"
"2026-03-11";"2051.42"
"2026-03-11";"3499.00"
"2026-03-11";"3608.34"

"2026-03-12";"498.01"
"2026-03-12";"498.86"
"2026-03-12";"547.26"
"2026-03-12";"581.24"
"2026-03-12";"625.51"
"2026-03-12";"626.36"
"2026-03-12";"649.62"
"2026-03-12";"657.90"
"2026-03-12";"783.61"
"2026-03-12";"822.90"
"2026-03-12";"829.03"
"2026-03-12";"855.64"
"2026-03-12";"898.36"
"2026-03-12";"942.90"
"2026-03-12";"984.98"
"2026-03-12";"1041.90"
"2026-03-12";"1118.90"
"2026-03-12";"1121.90"
"2026-03-12";"1217.90"
"2026-03-12";"1307.90"
"2026-03-12";"2099.90"
"2026-03-12";"2169.77"
"2026-03-12";"3499.00"
"2026-03-12";"3608.34"

"2026-03-13";"547.26"
"2026-03-13";"649.62"
"2026-03-13";"657.90"
"2026-03-13";"712.21"
"2026-03-13";"713.06"
"2026-03-13";"826.96"
"2026-03-13";"827.81"
"2026-03-13";"883.91"
"2026-03-13";"923.14"
"2026-03-13";"984.98"
"2026-03-13";"998.66"
"2026-03-13";"1118.90"
"2026-03-13";"1217.90"
"2026-03-13";"1307.90"
"2026-03-13";"1315.90"
"2026-03-13";"1359.66"
"2026-03-13";"1415.90"
"2026-03-13";"1463.01"
"2026-03-13";"1543.51"
"2026-03-13";"1658.26"
"2026-03-13";"1833.90"
"2026-03-13";"1894.93"
"2026-03-13";"2020.36"
"2026-03-13";"2021.21"
"2026-03-13";"2051.42"
"2026-03-13";"2135.11"
"2026-03-13";"2135.96"
"2026-03-13";"2550.76"
"2026-03-13";"2686.76"
"2026-03-13";"3499.00"
"2026-03-13";"3608.34"

"2026-03-14";"498.86"
"2026-03-14";"547.26"
"2026-03-14";"626.36"
"2026-03-14";"649.62"
"2026-03-14";"657.90"
"2026-03-14";"822.90"
"2026-03-14";"855.64"
"2026-03-14";"1315.90"
"2026-03-14";"1316.59"
"2026-03-14";"1359.66"
"2026-03-14";"1436.00"
"2026-03-14";"1487.59"
"2026-03-14";"2051.42"
"2026-03-14";"2550.76"
"2026-03-14";"2686.76"
"2026-03-14";"2855.91"
"2026-03-14";"2906.91"
"2026-03-14";"3008.23"
"2026-03-14";"3061.95"
"2026-03-14";"3299.89"
"2026-03-14";"3475.89"
"2026-03-14";"3499.00"
"2026-03-14";"3608.34"

"2026-03-15";"547.26"
"2026-03-15";"649.62"
"2026-03-15";"657.90"
"2026-03-15";"822.90"
"2026-03-15";"855.64"
"2026-03-15";"933.90"
"2026-03-15";"971.06"
"2026-03-15";"1229.59"
"2026-03-15";"1315.90"
"2026-03-15";"1335.00"
"2026-03-15";"1359.66"
"2026-03-15";"1396.90"
"2026-03-15";"1464.67"
"2026-03-15";"1505.90"
"2026-03-15";"1595.90"
"2026-03-15";"1709.52"
"2026-03-15";"1744.17"
"2026-03-15";"1807.45"
"2026-03-15";"1833.90"
"2026-03-15";"1873.84"
"2026-03-15";"1894.93"
"2026-03-15";"2020.36"
"2026-03-15";"2051.42"
"2026-03-15";"2055.90"
"2026-03-15";"2099.90"
"2026-03-15";"2135.11"
"2026-03-15";"2164.90"
"2026-03-15";"2169.77"
"2026-03-15";"2274.90"
"2026-03-15";"2550.76"
"2026-03-15";"2686.76"
"2026-03-15";"3499.00"
"2026-03-15";"3608.34"

"2026-03-16";"547.26"
"2026-03-16";"649.62"
"2026-03-16";"657.90"
"2026-03-16";"713.06"
"2026-03-16";"784.46"
"2026-03-16";"822.90"
"2026-03-16";"827.81"
"2026-03-16";"855.64"
"2026-03-16";"883.06"
"2026-03-16";"883.91"
"2026-03-16";"899.21"
"2026-03-16";"923.14"
"2026-03-16";"933.90"
"2026-03-16";"971.06"
"2026-03-16";"991.52"
"2026-03-16";"997.81"
"2026-03-16";"998.66"
"2026-03-16";"1074.31"
"2026-03-16";"1128.28"
"2026-03-16";"1189.06"
"2026-03-16";"1315.90"
"2026-03-16";"1359.66"
"2026-03-16";"1367.62"
"2026-03-16";"1543.51"
"2026-03-16";"1658.26"
"2026-03-16";"1833.90"
"2026-03-16";"1894.93"
"2026-03-16";"1948.85"
"2026-03-16";"1999.52"
"2026-03-16";"2021.21"
"2026-03-16";"2051.42"
"2026-03-16";"2135.96"
"2026-03-16";"2273.90"
"2026-03-16";"2398.90"
"2026-03-16";"2508.90"
"2026-03-16";"3499.00"
"2026-03-16";"3608.34"

"2026-03-17";"498.01"
"2026-03-17";"498.86"
"2026-03-17";"547.26"
"2026-03-17";"581.24"
"2026-03-17";"625.51"
"2026-03-17";"626.36"
"2026-03-17";"657.90"
"2026-03-17";"822.90"
"2026-03-17";"855.64"
"2026-03-17";"933.90"
"2026-03-17";"971.06"
"2026-03-17";"984.98"
"2026-03-17";"1118.90"
"2026-03-17";"1217.90"
"2026-03-17";"1307.90"
"2026-03-17";"1439.33"
"2026-03-17";"1582.13"
"2026-03-17";"1812.09"
"2026-03-17";"1999.52"
"2026-03-17";"2051.42"
"2026-03-17";"2273.90"
"2026-03-17";"2398.90"
"2026-03-17";"2508.90"
"2026-03-17";"2855.91"
"2026-03-17";"3008.23"
"2026-03-17";"3499.00"
"2026-03-17";"3608.34"

"2026-03-18";"498.86"
"2026-03-18";"547.26"
"2026-03-18";"557.78"
"2026-03-18";"581.24"
"2026-03-18";"613.95"
"2026-03-18";"626.36"
"2026-03-18";"649.62"
"2026-03-18";"657.90"
"2026-03-18";"700.58"
"2026-03-18";"718.00"
"2026-03-18";"756.75"
"2026-03-18";"786.38"
"2026-03-18";"822.90"
"2026-03-18";"855.64"
"2026-03-18";"984.98"
"2026-03-18";"1118.90"
"2026-03-18";"1154.90"
"2026-03-18";"1217.90"
"2026-03-18";"1229.59"
"2026-03-18";"1270.39"
"2026-03-18";"1304.90"
"2026-03-18";"1307.90"
"2026-03-18";"1367.62"
"2026-03-18";"1396.90"
"2026-03-18";"1435.39"
"2026-03-18";"1505.90"
"2026-03-18";"1595.90"
"2026-03-18";"3319.69"
"2026-03-18";"3499.00"
"2026-03-18";"3608.34"

"2026-03-19";"498.01"
"2026-03-19";"498.86"
"2026-03-19";"547.26"
"2026-03-19";"567.74"
"2026-03-19";"581.24"
"2026-03-19";"625.51"
"2026-03-19";"626.36"
"2026-03-19";"649.62"
"2026-03-19";"657.90"
"2026-03-19";"713.09"
"2026-03-19";"718.00"
"2026-03-19";"783.61"
"2026-03-19";"822.90"
"2026-03-19";"855.64"
"2026-03-19";"898.36"
"2026-03-19";"982.51"
"2026-03-19";"984.98"
"2026-03-19";"1110.01"
"2026-03-19";"1118.90"
"2026-03-19";"1217.90"
"2026-03-19";"1265.04"
"2026-03-19";"1307.90"
"2026-03-19";"1415.90"
"2026-03-19";"1463.01"
"2026-03-19";"1999.52"
"2026-03-19";"2273.90"
"2026-03-19";"2398.90"
"2026-03-19";"2508.90"
"2026-03-19";"3499.00"
"2026-03-19";"3608.34"

"2026-03-20";"547.26"
"2026-03-20";"649.62"
"2026-03-20";"657.90"
"2026-03-20";"712.21"
"2026-03-20";"713.06"
"2026-03-20";"822.90"
"2026-03-20";"826.96"
"2026-03-20";"827.81"
"2026-03-20";"855.64"
"2026-03-20";"923.14"
"2026-03-20";"984.98"
"2026-03-20";"1075.16"
"2026-03-20";"1118.90"
"2026-03-20";"1162.47"
"2026-03-20";"1189.91"
"2026-03-20";"1217.90"
"2026-03-20";"1307.90"
"2026-03-20";"1315.90"
"2026-03-20";"1359.66"
"2026-03-20";"1367.62"
"2026-03-20";"1543.51"
"2026-03-20";"1658.26"
"2026-03-20";"2021.21"
"2026-03-20";"2051.42"
"2026-03-20";"2135.96"
"2026-03-20";"2550.76"
"2026-03-20";"2686.76"
"2026-03-20";"3499.00"
"2026-03-20";"3608.34"

"2026-03-21";"498.86"
"2026-03-21";"547.26"
"2026-03-21";"581.24"
"2026-03-21";"626.36"
"2026-03-21";"649.62"
"2026-03-21";"657.90"
"2026-03-21";"822.90"
"2026-03-21";"855.64"
"2026-03-21";"1154.90"
"2026-03-21";"1304.90"
"2026-03-21";"2051.42"
"2026-03-21";"2099.90"
"2026-03-21";"2169.77"
"2026-03-21";"2855.91"
"2026-03-21";"3008.23"
"2026-03-21";"3499.00"
"2026-03-21";"3608.34"

"2026-03-22";"547.26"
"2026-03-22";"657.90"
"2026-03-22";"822.90"
"2026-03-22";"855.64"
"2026-03-22";"1315.90"
"2026-03-22";"1359.66"
"2026-03-22";"1415.90"
"2026-03-22";"1463.01"
"2026-03-22";"1543.51"
"2026-03-22";"1658.26"
"2026-03-22";"1833.90"
"2026-03-22";"1894.93"
"2026-03-22";"1948.85"
"2026-03-22";"1999.52"
"2026-03-22";"2020.36"
"2026-03-22";"2051.42"
"2026-03-22";"2099.90"
"2026-03-22";"2135.11"
"2026-03-22";"2169.77"
"2026-03-22";"2273.90"
"2026-03-22";"2398.90"
"2026-03-22";"2508.90"
"2026-03-22";"2550.76"
"2026-03-22";"2686.76"
"2026-03-22";"2932.41"
"2026-03-22";"3088.81"
"2026-03-22";"3241.90"
"2026-03-22";"3319.69"
"2026-03-22";"3366.90"
"2026-03-22";"3496.90"
"2026-03-22";"3499.00"
"2026-03-22";"3608.34"

"2026-03-23";"547.26"
"2026-03-23";"649.62"
"2026-03-23";"657.90"
"2026-03-23";"713.06"
"2026-03-23";"784.46"
"2026-03-23";"822.90"
"2026-03-23";"827.81"
"2026-03-23";"855.64"
"2026-03-23";"899.21"
"2026-03-23";"923.14"
"2026-03-23";"984.98"
"2026-03-23";"991.52"
"2026-03-23";"1118.90"
"2026-03-23";"1217.90"
"2026-03-23";"1229.59"
"2026-03-23";"1307.90"
"2026-03-23";"1396.90"
"2026-03-23";"1505.90"
"2026-03-23";"1543.51"
"2026-03-23";"1595.90"
"2026-03-23";"1658.26"
"2026-03-23";"1697.87"
"2026-03-23";"1824.09"
"2026-03-23";"1948.85"
"2026-03-23";"2021.21"
"2026-03-23";"2051.42"
"2026-03-23";"2135.96"
"2026-03-23";"2550.76"
"2026-03-23";"2686.76"
"2026-03-23";"3319.69"
"2026-03-23";"3499.00"
"2026-03-23";"3608.34"

"2026-03-24";"498.01"
"2026-03-24";"498.86"
"2026-03-24";"547.26"
"2026-03-24";"557.78"
"2026-03-24";"567.74"
"2026-03-24";"581.24"
"2026-03-24";"625.51"
"2026-03-24";"626.36"
"2026-03-24";"649.62"
"2026-03-24";"657.90"
"2026-03-24";"700.58"
"2026-03-24";"704.37"
"2026-03-24";"713.09"
"2026-03-24";"718.00"
"2026-03-24";"829.03"
"2026-03-24";"849.72"
"2026-03-24";"888.95"
"2026-03-24";"942.90"
"2026-03-24";"984.98"
"2026-03-24";"1041.90"
"2026-03-24";"1118.90"
"2026-03-24";"1121.90"
"2026-03-24";"1217.90"
"2026-03-24";"1307.90"
"2026-03-24";"1315.90"
"2026-03-24";"1359.66"
"2026-03-24";"1415.90"
"2026-03-24";"1463.01"
"2026-03-24";"3499.00"
"2026-03-24";"3608.34"

"2026-03-25";"498.86"
"2026-03-25";"547.26"
"2026-03-25";"581.24"
"2026-03-25";"626.36"
"2026-03-25";"649.62"
"2026-03-25";"657.90"
"2026-03-25";"822.90"
"2026-03-25";"855.64"
"2026-03-25";"984.98"
"2026-03-25";"1118.90"
"2026-03-25";"1154.90"
"2026-03-25";"1217.90"
"2026-03-25";"1265.04"
"2026-03-25";"1304.90"
"2026-03-25";"1307.90"
"2026-03-25";"1439.33"
"2026-03-25";"1582.13"
"2026-03-25";"1812.09"
"2026-03-25";"1999.52"
"2026-03-25";"2273.90"
"2026-03-25";"2398.90"
"2026-03-25";"2508.90"
"2026-03-25";"3499.00"
"2026-03-25";"3608.34"

"2026-03-26";"498.01"
"2026-03-26";"498.86"
"2026-03-26";"547.26"
"2026-03-26";"567.74"
"2026-03-26";"581.24"
"2026-03-26";"625.51"
"2026-03-26";"626.36"
"2026-03-26";"649.62"
"2026-03-26";"657.90"
"2026-03-26";"713.09"
"2026-03-26";"718.00"
"2026-03-26";"783.61"
"2026-03-26";"883.06"
"2026-03-26";"893.32"
"2026-03-26";"898.36"
"2026-03-26";"933.90"
"2026-03-26";"971.06"
"2026-03-26";"984.98"
"2026-03-26";"997.81"
"2026-03-26";"1024.14"
"2026-03-26";"1118.90"
"2026-03-26";"1128.28"
"2026-03-26";"1217.90"
"2026-03-26";"1307.90"
"2026-03-26";"1315.90"
"2026-03-26";"1359.66"
"2026-03-26";"1999.52"
"2026-03-26";"2273.90"
"2026-03-26";"2398.90"
"2026-03-26";"2508.90"
"2026-03-26";"3499.00"
"2026-03-26";"3608.34"

"2026-03-27";"547.26"
"2026-03-27";"649.62"
"2026-03-27";"657.90"
"2026-03-27";"713.06"
"2026-03-27";"822.90"
"2026-03-27";"827.81"
"2026-03-27";"855.64"
"2026-03-27";"984.98"
"2026-03-27";"1075.16"
"2026-03-27";"1118.90"
"2026-03-27";"1162.47"
"2026-03-27";"1189.91"
"2026-03-27";"1217.90"
"2026-03-27";"1307.90"
"2026-03-27";"1367.62"
"2026-03-27";"1543.51"
"2026-03-27";"1585.69"
"2026-03-27";"1658.26"
"2026-03-27";"1715.36"
"2026-03-27";"2017.23"
"2026-03-27";"2020.36"
"2026-03-27";"2021.21"
"2026-03-27";"2051.42"
"2026-03-27";"2075.55"
"2026-03-27";"2112.28"
"2026-03-27";"2135.11"
"2026-03-27";"2135.96"
"2026-03-27";"2205.21"
"2026-03-27";"2244.25"
"2026-03-27";"2432.90"
"2026-03-27";"2513.83"
"2026-03-27";"2550.76"
"2026-03-27";"2686.76"
"2026-03-27";"3499.00"
"2026-03-27";"3608.34"

"2026-03-28";"498.86"
"2026-03-28";"547.26"
"2026-03-28";"557.78"
"2026-03-28";"581.24"
"2026-03-28";"626.36"
"2026-03-28";"657.90"
"2026-03-28";"700.58"
"2026-03-28";"718.00"
"2026-03-28";"822.90"
"2026-03-28";"855.64"
"2026-03-28";"933.90"
"2026-03-28";"971.06"
"2026-03-28";"1154.90"
"2026-03-28";"1304.90"
"2026-03-28";"1833.90"
"2026-03-28";"1894.93"
"2026-03-28";"2099.90"
"2026-03-28";"2169.77"
"2026-03-28";"2567.21"
"2026-03-28";"2634.57"
"2026-03-28";"2705.90"
"2026-03-28";"2776.90"
"2026-03-28";"3499.00"
"2026-03-28";"3608.34"

"2026-03-29";"547.26"
"2026-03-29";"657.90"
"2026-03-29";"678.00"
"2026-03-29";"688.90"
"2026-03-29";"787.90"
"2026-03-29";"822.90"
"2026-03-29";"852.90"
"2026-03-29";"855.64"
"2026-03-29";"933.90"
"2026-03-29";"971.06"
"2026-03-29";"1118.90"
"2026-03-29";"1181.41"
"2026-03-29";"1217.90"
"2026-03-29";"1229.59"
"2026-03-29";"1296.16"
"2026-03-29";"1307.90"
"2026-03-29";"1315.90"
"2026-03-29";"1359.66"
"2026-03-29";"1396.90"
"2026-03-29";"1504.38"
"2026-03-29";"1505.90"
"2026-03-29";"1595.90"
"2026-03-29";"2020.36"
"2026-03-29";"2051.42"
"2026-03-29";"2135.11"
"2026-03-29";"2550.76"
"2026-03-29";"2686.76"
"2026-03-29";"2881.41"
"2026-03-29";"3035.09"
"2026-03-29";"3499.00"
"2026-03-29";"3608.34"

"2026-03-30";"547.26"
"2026-03-30";"649.62"
"2026-03-30";"657.90"
"2026-03-30";"712.21"
"2026-03-30";"713.06"
"2026-03-30";"822.90"
"2026-03-30";"826.96"
"2026-03-30";"827.81"
"2026-03-30";"829.03"
"2026-03-30";"855.64"
"2026-03-30";"883.91"
"2026-03-30";"923.14"
"2026-03-30";"942.90"
"2026-03-30";"998.66"
"2026-03-30";"1041.90"
"2026-03-30";"1075.16"
"2026-03-30";"1121.90"
"2026-03-30";"1128.28"
"2026-03-30";"1181.41"
"2026-03-30";"1182.26"
"2026-03-30";"1189.91"
"2026-03-30";"1296.16"
"2026-03-30";"1297.01"
"2026-03-30";"1367.62"
"2026-03-30";"1504.38"
"2026-03-30";"1543.51"
"2026-03-30";"1658.26"
"2026-03-30";"1728.74"
"2026-03-30";"1807.45"
"2026-03-30";"1857.26"
"2026-03-30";"1948.85"
"2026-03-30";"2021.21"
"2026-03-30";"2051.42"
"2026-03-30";"2055.90"
"2026-03-30";"2135.96"
"2026-03-30";"2164.90"
"2026-03-30";"2274.90"
"2026-03-30";"2550.76"
"2026-03-30";"2686.76"
"2026-03-30";"3499.00"
"2026-03-30";"3608.34"

"2026-03-31";"498.86"
"2026-03-31";"547.26"
"2026-03-31";"547.82"
"2026-03-31";"581.24"
"2026-03-31";"626.36"
"2026-03-31";"649.62"
"2026-03-31";"657.90"
"2026-03-31";"678.00"
"2026-03-31";"688.07"
"2026-03-31";"688.90"
"2026-03-31";"692.01"
"2026-03-31";"704.37"
"2026-03-31";"718.00"
"2026-03-31";"787.90"
"2026-03-31";"822.90"
"2026-03-31";"826.96"
"2026-03-31";"834.81"
"2026-03-31";"849.72"
"2026-03-31";"852.90"
"2026-03-31";"855.64"
"2026-03-31";"888.95"
"2026-03-31";"933.90"
"2026-03-31";"954.46"
"2026-03-31";"963.08"
"2026-03-31";"971.06"
"2026-03-31";"1059.90"
"2026-03-31";"1315.90"
"2026-03-31";"1359.66"
"2026-03-31";"1439.33"
"2026-03-31";"1477.92"
"2026-03-31";"1582.13"
"2026-03-31";"1812.09"
"2026-03-31";"1999.52"
"2026-03-31";"2051.42"
"2026-03-31";"2273.90"
"2026-03-31";"2398.90"
"2026-03-31";"2508.90"
"2026-03-31";"2830.41"
"2026-03-31";"2914.90"
"2026-03-31";"2981.37"
"2026-03-31";"3039.90"
"2026-03-31";"3169.90"
"2026-03-31";"3499.00"
"2026-03-31";"3608.34"

"2026-04-01";"581.24"
"2026-04-01";"933.90"
"2026-04-01";"963.08"
"2026-04-01";"1229.59"
"2026-04-01";"1396.90"
"2026-04-01";"1452.79"
"2026-04-01";"1453.67"
"2026-04-01";"1505.90"
"2026-04-01";"1571.59"
"2026-04-01";"1572.47"
"2026-04-01";"1595.90"
"2026-04-01";"1650.90"
"2026-04-01";"1785.90"
"2026-04-01";"2914.90"
"2026-04-01";"3039.90"
"2026-04-01";"3169.90"
"2026-04-01";"3499.00"
"2026-04-01";"3608.34"

"2026-04-02";"678.00"
"2026-04-02";"688.90"
"2026-04-02";"787.90"
"2026-04-02";"852.90"
"2026-04-02";"933.90"
"2026-04-02";"963.08"
"2026-04-02";"984.98"
"2026-04-02";"1118.90"
"2026-04-02";"1217.90"
"2026-04-02";"1229.59"
"2026-04-02";"1245.90"
"2026-04-02";"1307.90"
"2026-04-02";"1354.90"
"2026-04-02";"1396.90"
"2026-04-02";"1444.90"
"2026-04-02";"1452.79"
"2026-04-02";"1453.67"
"2026-04-02";"1505.90"
"2026-04-02";"1538.57"
"2026-04-02";"1571.59"
"2026-04-02";"1572.47"
"2026-04-02";"1595.90"
"2026-04-02";"1597.99"
"2026-04-02";"1606.95"
"2026-04-02";"1641.14"
"2026-04-02";"1709.52"
"2026-04-02";"1716.79"
"2026-04-02";"2051.42"
"2026-04-02";"3499.00"
"2026-04-02";"3608.34"

"2026-04-03";"678.00"
"2026-04-03";"688.90"
"2026-04-03";"787.90"
"2026-04-03";"852.90"
"2026-04-03";"933.90"
"2026-04-03";"963.08"
"2026-04-03";"984.98"
"2026-04-03";"1118.90"
"2026-04-03";"1217.90"
"2026-04-03";"1229.59"
"2026-04-03";"1245.90"
"2026-04-03";"1307.90"
"2026-04-03";"1354.90"
"2026-04-03";"1396.90"
"2026-04-03";"1444.90"
"2026-04-03";"1452.79"
"2026-04-03";"1453.67"
"2026-04-03";"1505.90"
"2026-04-03";"1571.59"
"2026-04-03";"1572.47"
"2026-04-03";"1595.90"
"2026-04-03";"1597.99"
"2026-04-03";"1598.87"
"2026-04-03";"1606.95"
"2026-04-03";"1709.52"
"2026-04-03";"1716.79"
"2026-04-03";"1717.67"
"2026-04-03";"3499.00"
"2026-04-03";"3608.34"

"2026-04-04";"498.01"
"2026-04-04";"498.86"
"2026-04-04";"594.85"
"2026-04-04";"625.51"
"2026-04-04";"626.36"
"2026-04-04";"657.90"
"2026-04-04";"933.90"
"2026-04-04";"942.90"
"2026-04-04";"963.08"
"2026-04-04";"1041.90"
"2026-04-04";"1121.90"
"2026-04-04";"1154.90"
"2026-04-04";"1229.59"
"2026-04-04";"1304.90"
"2026-04-04";"1396.90"
"2026-04-04";"1504.38"
"2026-04-04";"1505.90"
"2026-04-04";"1595.90"
"2026-04-04";"1606.95"
"2026-04-04";"1709.52"
"2026-04-04";"2550.76"
"2026-04-04";"2686.76"
"2026-04-04";"2906.91"
"2026-04-04";"3061.95"
"2026-04-04";"3419.89"
"2026-04-04";"3499.00"
"2026-04-04";"3602.29"
"2026-04-04";"3608.34"

"2026-04-05";"933.90"
"2026-04-05";"963.08"
"2026-04-05";"1597.99"
"2026-04-05";"1598.87"
"2026-04-05";"1709.52"
"2026-04-05";"1716.79"
"2026-04-05";"1717.67"
"2026-04-05";"1807.45"
"2026-04-05";"1999.52"
"2026-04-05";"2051.42"
"2026-04-05";"2055.90"
"2026-04-05";"2164.90"
"2026-04-05";"2273.90"
"2026-04-05";"2274.90"
"2026-04-05";"2398.90"
"2026-04-05";"2508.90"
"2026-04-05";"3499.00"
"2026-04-05";"3608.34"

"2026-04-06";"678.00"
"2026-04-06";"688.90"
"2026-04-06";"787.90"
"2026-04-06";"852.90"
"2026-04-06";"933.90"
"2026-04-06";"963.08"
"2026-04-06";"1229.59"
"2026-04-06";"1396.90"
"2026-04-06";"1452.79"
"2026-04-06";"1453.67"
"2026-04-06";"1505.90"
"2026-04-06";"1571.59"
"2026-04-06";"1572.47"
"2026-04-06";"1595.90"
"2026-04-06";"1597.99"
"2026-04-06";"1598.87"
"2026-04-06";"1606.95"
"2026-04-06";"1709.52"
"2026-04-06";"1716.79"
"2026-04-06";"1717.67"
"2026-04-06";"2051.42"
"2026-04-06";"3499.00"
"2026-04-06";"3608.34"

"2026-04-07";"498.01"
"2026-04-07";"498.86"
"2026-04-07";"547.26"
"2026-04-07";"581.24"
"2026-04-07";"625.51"
"2026-04-07";"626.36"
"2026-04-07";"649.62"
"2026-04-07";"657.90"
"2026-04-07";"678.00"
"2026-04-07";"688.90"
"2026-04-07";"787.90"
"2026-04-07";"852.90"
"2026-04-07";"1229.59"
"2026-04-07";"1396.90"
"2026-04-07";"1505.90"
"2026-04-07";"1595.90"
"2026-04-07";"1807.45"
"2026-04-07";"2055.90"
"2026-04-07";"2164.90"
"2026-04-07";"2274.90"
"2026-04-07";"3499.00"
"2026-04-07";"3608.34"

"2026-04-08";"498.01"
"2026-04-08";"498.86"
"2026-04-08";"547.26"
"2026-04-08";"581.24"
"2026-04-08";"585.90"
"2026-04-08";"625.51"
"2026-04-08";"626.36"
"2026-04-08";"649.62"
"2026-04-08";"657.90"
"2026-04-08";"735.90"
"2026-04-08";"829.03"
"2026-04-08";"942.90"
"2026-04-08";"1041.90"
"2026-04-08";"1121.90"
"2026-04-08";"1229.59"
"2026-04-08";"1396.90"
"2026-04-08";"1505.90"
"2026-04-08";"1595.90"
"2026-04-08";"3499.00"
"2026-04-08";"3608.34"

"2026-04-09";"498.01"
"2026-04-09";"498.86"
"2026-04-09";"547.26"
"2026-04-09";"581.24"
"2026-04-09";"625.51"
"2026-04-09";"626.36"
"2026-04-09";"649.62"
"2026-04-09";"657.90"
"2026-04-09";"678.00"
"2026-04-09";"688.90"
"2026-04-09";"783.61"
"2026-04-09";"787.90"
"2026-04-09";"852.90"
"2026-04-09";"893.32"
"2026-04-09";"898.36"
"2026-04-09";"984.98"
"2026-04-09";"1024.14"
"2026-04-09";"1118.90"
"2026-04-09";"1217.90"
"2026-04-09";"1229.59"
"2026-04-09";"1307.90"
"2026-04-09";"1396.90"
"2026-04-09";"1505.90"
"2026-04-09";"1595.90"
"2026-04-09";"3499.00"
"2026-04-09";"3608.34"

"2026-04-10";"547.26"
"2026-04-10";"649.62"
"2026-04-10";"657.90"
"2026-04-10";"678.00"
"2026-04-10";"688.90"
"2026-04-10";"712.21"
"2026-04-10";"713.06"
"2026-04-10";"784.46"
"2026-04-10";"787.90"
"2026-04-10";"826.96"
"2026-04-10";"827.81"
"2026-04-10";"852.90"
"2026-04-10";"899.21"
"2026-04-10";"1162.47"
"2026-04-10";"1229.59"
"2026-04-10";"1396.90"
"2026-04-10";"1505.90"
"2026-04-10";"1543.51"
"2026-04-10";"1595.90"
"2026-04-10";"1658.26"
"2026-04-10";"1948.85"
"2026-04-10";"2021.21"
"2026-04-10";"2135.96"
"2026-04-10";"2550.76"
"2026-04-10";"2686.76"
"2026-04-10";"3499.00"
"2026-04-10";"3608.34"

"2026-04-11";"498.01"
"2026-04-11";"498.86"
"2026-04-11";"547.26"
"2026-04-11";"581.24"
"2026-04-11";"625.51"
"2026-04-11";"626.36"
"2026-04-11";"657.90"
"2026-04-11";"688.90"
"2026-04-11";"787.90"
"2026-04-11";"852.90"
"2026-04-11";"1154.90"
"2026-04-11";"1304.90"
"2026-04-11";"1396.90"
"2026-04-11";"1505.90"
"2026-04-11";"1595.90"
"2026-04-11";"2051.42"
"2026-04-11";"2550.76"
"2026-04-11";"2686.76"
"2026-04-11";"2804.91"
"2026-04-11";"2954.51"
"2026-04-11";"3299.89"
"2026-04-11";"3475.89"
"2026-04-11";"3499.00"
"2026-04-11";"3608.34"

"2026-04-12";"547.26"
"2026-04-12";"657.90"
"2026-04-12";"822.90"
"2026-04-12";"855.64"
"2026-04-12";"984.98"
"2026-04-12";"1118.90"
"2026-04-12";"1181.41"
"2026-04-12";"1217.90"
"2026-04-12";"1229.59"
"2026-04-12";"1296.16"
"2026-04-12";"1307.90"
"2026-04-12";"1396.90"
"2026-04-12";"1504.38"
"2026-04-12";"1505.90"
"2026-04-12";"1543.51"
"2026-04-12";"1595.90"
"2026-04-12";"1658.26"
"2026-04-12";"1948.85"
"2026-04-12";"2051.42"
"2026-04-12";"2550.76"
"2026-04-12";"2686.76"
"2026-04-12";"2881.41"
"2026-04-12";"3035.09"
"2026-04-12";"3499.00"
"2026-04-12";"3608.34"

"2026-04-13";"547.26"
"2026-04-13";"649.62"
"2026-04-13";"657.90"
"2026-04-13";"678.00"
"2026-04-13";"688.90"
"2026-04-13";"712.21"
"2026-04-13";"713.06"
"2026-04-13";"787.90"
"2026-04-13";"822.90"
"2026-04-13";"826.96"
"2026-04-13";"827.81"
"2026-04-13";"852.90"
"2026-04-13";"855.64"
"2026-04-13";"883.06"
"2026-04-13";"883.91"
"2026-04-13";"923.14"
"2026-04-13";"984.98"
"2026-04-13";"997.81"
"2026-04-13";"998.66"
"2026-04-13";"1118.90"
"2026-04-13";"1128.28"
"2026-04-13";"1162.47"
"2026-04-13";"1181.41"
"2026-04-13";"1217.90"
"2026-04-13";"1296.16"
"2026-04-13";"1307.90"
"2026-04-13";"1504.38"
"2026-04-13";"1543.51"
"2026-04-13";"1658.26"
"2026-04-13";"1948.85"
"2026-04-13";"1999.52"
"2026-04-13";"2021.21"
"2026-04-13";"2051.42"
"2026-04-13";"2135.96"
"2026-04-13";"2273.90"
"2026-04-13";"2398.90"
"2026-04-13";"2508.90"
"2026-04-13";"2515.90"
"2026-04-13";"2550.76"
"2026-04-13";"2640.90"
"2026-04-13";"2686.76"
"2026-04-13";"2750.90"
"2026-04-13";"3499.00"
"2026-04-13";"3608.34"
